order_id,date,time,order_type,branch_code,order_items,order_price,customer_lat,customer_lon,customerHasloyalty?,distance_to_customer_KM,delivery_fee
ORDK08650,2018-08-25,15:46:28,Lunch,BK,"[('Steak', 5), ('Salad', 10), ('Chicken', 3), ('Burger', 10)]",803.0,-37.8199627,144.9802045,1,7.14,15.2726598
ORDZ08693,2018-06-25,13:44:47,Lunch,NS,"[('Fries', 2), ('Salad', 3), ('Chicken', 7)]",299.6,-37.8244341,144.9846125,1,9.496,15.1082856
ORDC05592,2018-07-25,14:45:38,Lunch,NS,"[('Salad', 1), ('Fries', 2)]",41.2,-37.8106611,144.9559425,0,8.177,14.1200633
ORDX09163,2018-09-30,16:57:27,Dinner,BK,"[('Salmon', 6), ('Pasta', 6), ('Shrimp', 9)]",897.0,-37.8119762,144.9637681,0,7.534,17.3791167
ORDA01525,2018-28-01,08:50:42,Breakfast,BK,"[('Cereal', 9), ('Eggs', 9)]",387.0,-37.81684,144.9616412,0,7.992,15.2978068
ORDI08627,2018-10-08,17:17:44,Dinner,NS,"[('Fish&Chips', 2), ('Pasta', 7), ('Salmon', 1)]",303.5,144.9581835,-37.8156051,0,8.516,14.5499984
ORDJ06142,2018-04-23,11:43:05,Breakfast,TP,"[('Eggs', 9), ('Pancake', 6)]",343.5,-37.8187631,144.9534036,1,8.509,11.3185511
ORDA02353,2018-04-08,11:12:40,Breakfast,BK,"[('Eggs', 1), ('Shrimp', 8), ('Cereal', 1)]",237.0,-37.8046973,144.9271116,0,10.781,18.3480786
ORDA02768,2018-11-11,18:18:35,Dinner,BK,"[('Salmon', 2), ('Fish&Chips', 3), ('Pasta', 5), ('Shrimp', 3)]",486.5,-37.8201368,144.9844136,0,6.619,15.8447132
ORDA07619,2018-09-05,16:06:45,Dinner,BK,"[('Fish&Chips', 2), ('Pasta', 8)]",290.0,-37.8159459,144.9285861,0,11.674,18.7477046
ORDI00586,2018-01-21,08:30:25,Breakfast,NS,"[('Pancake', 7), ('Coffee', 3)]",192.25,37.800116,144.9711949,0,6.18,13.21208
ORDX07128,2018-03-27,10:42:15,Breakfast,BK,"[('Eggs', 9), ('Coffee', 3), ('Cereal', 3)]",283.5,-37.8124577,144.9538382,0,7.823,12.7056246
ORDZ02041,2018-09-12,16:27:02,Dinner,NS,"[('Salmon', 9), ('Pasta', 9), ('Shrimp', 8), ('Fish&Chips', 7)]",1293.5,-37.8225832,144.9638538,0,9.126,14.6296659
ORDJ03037,2018-02-17,09:31:16,Breakfast,ns,"[('Pancake', 7), ('Coffee', 2), ('Cereal', 4)]",268.75,-37.8042915,144.9498092,0,10.022,14.1997947
ORDC06718,2018-25-09,16:47:19,Dinner,NS,"[('Shrimp', 9), ('Salmon', 3), ('Fish&Chips', 8), ('Pasta', 8)]",1109.0,-37.801495,144.9675869,0,6.719,12.7609408
ORDX00218,2018-04-26,11:43:05,Breakfast,BK,"[('Eggs', 9), ('Pancake', 5), ('Cereal', 1), ('Coffee', 7)]",392.75,37.8184197,144.966889,0,7.565,12.3626967
ORDI04955,2018-04-20,11:32:57,Breakfast,NS,"[('Eggs', 10), ('Coffee', 1)]",227.5,-37.8063685,144.9591999,1,7.709,13.300759
ORDI07566,2018-23-03,10:42:15,Breakfast,NS,"[('Cereal', 6), ('Coffee', 8), ('Pancake', 3)]",258.75,-37.80072,144.9585648,0,7.237,12.3522895
ORDY00643,2018-11-24,18:49:00,Dinner,TP,"[('Pasta', 10), ('Shrimp', 5), ('Salmon', 4)]",709.0,-37.8126683,144.9430737,0,7.282,15.9397219
ORDJ05901,2018-09-01,16:06:45,Dinner,TP,"[('Burger', 8), ('Salmon', 9), ('Shrimp', 5), ('Pasta', 4)]",1029.0,-37.8170357,144.9536234,0,8.571,14.0746745
ORDZ10262,2018-01-20,08:30:25,Breakfast,NS,"[('Coffee', 2), ('Cereal', 4)]",277.75,-37.8051625,144.9296304,0,10.42,17.4589585
ORDZ10357,2018-02-07,09:10:59,Breakfast,NS,"[('Eggs', 7), ('Pancake', 4)]",251.0,-37.8142638,144.9473164,0,8.97,13.8724899
ORDZ08917,2018-05-17,12:23:39,Lunch,NS,"[('Fries', 9), ('Steak', 10)]",558.0,-37.8237359,144.9348424,0,10.948,16.9662778
ORDB03511,2018-08-21,15:36:20,Lunch,TP,"[('Salad', 6), ('Fries', 9)]",211.2,37.7993958,144.9619289,0,9.862,12.7123568
ORDA09660,2018-12-24,19:49:51,Dinner,TP,"[('Pasta', 10), ('Shrimp', 7), ('Salmon', 9), ('Fish&Chips', 2)]",1092.0,-37.8191051,145.0037948,0,4.548,11.8141006
ORDK02928,2018-10-11,17:17:44,Dinner,BK,"[('Salmon', 7), ('Pasta', 3)]",369.5,-37.8121147,144.9533483,0,8.428,15.2297748
ORDB02028,2018-09-17,16:37:10,Dinner,TP,"[('Shrimp', 3), ('Fish&Chips', 9), ('Pasta', 1), ('Salmon', 9)]",873.5,-37.8135002,144.965631,0,8.206,12.4895731
ORDI10458,2018-01-18,08:30:25,Breakfast,NS,"[('Eggs', 4), ('Coffee', 3), ('Cereal', 4), ('Fries', 9)]",412.75,-37.7999805,144.9630199,1,6.795,5.4172706
ORDA10297,2018-01-07,08:10:08,Breakfast,BK,"[('Cereal', 10), ('Coffee', 9), ('Eggs', 8)]",453.5,-37.8133004,144.9368938,0,10.041,8.7014614
ORDZ00990,2018-04-24,11:43:05,Breakfast,NS,"[('Eggs', 7), ('Pancake', 4), ('Coffee', 9), ('Cereal', 3)]",381.5,-37.8113345,144.958376,0,8.434,13.6802774
ORDY07927,2018-04-12,11:12:40,Breakfast,TP,"[('Pancake', 7), ('Eggs', 2), ('Coffee', 2)]",228.75,-37.8190672,144.9655408,0,7.419,10.1798128
ORDI05562,2018-10-24,17:48:10,Lunch,NS,"[('Fish&Chips', 7), ('Shrimp', 8)]",677.0,-37.8204595,144.9663365,0,8.868,14.7733347
ORDB00982,2018-11-20,18:38:52,Dinner,bk,"[('Fish&Chips', 9), ('Salmon', 6), ('Shrimp', 1), ('Pasta', 4)]",725.0,-37.8201845,144.9850372,0,9.192,13.1450872
ORDZ11100,2018-11-30,18:59:09,Dinner,NS,"[('Salmon', 3), ('Shrimp', 2), ('Fish&Chips', 4)]",371.0,-37.812878,144.9639494,1,7.846,13.8893857
ORDB10420,2018-08-06,15:05:54,Lunch,TP,"[('Burger', 3), ('Coffee', 6)]",196.2,-37.8156484,144.9543811,0,8.577,12.3169685
ORDA05412,2018-02-14,09:21:07,Breakfast,BK,"[('Coffee', 4), ('Pancake', 2), ('Eggs', 4), ('Cereal', 2)]",208.5,-37.8038345,144.9630016,1,7.815,12.926363
ORDB02261,2018-10-06,17:17:44,Dinner,TP,"[('Fish&Chips', 8), ('Shrimp', 4), ('Salmon', 2)]",578.0,-37.8193867,144.9830511,0,9.133,14.8854343
ORDY10933,2018-01-11,08:20:16,Breakfast,TP,"[('Chicken', 8), ('Pancake', 3), ('Coffee', 8), ('Cereal', 6)]",434.75,-37.8166356,144.9872824,1,9.542,6.0423732
ORDY00752,2018-01-27,08:50:42,Breakfast,TP,"[('Coffee', 8), ('Eggs', 2), ('Pancake', 10), ('Cereal', 9)]",535.5,-37.8163449,144.9596659,0,8.121,12.1446258
ORDI10948,2018-04-04,11:02:32,Breakfast,NS,"[('Pancake', 9), ('Cereal', 9), ('Eggs', 5)]",517.25,-37.7991571,144.9862261,0,7.729,12.5471649
ORDB04433,2018-03-05,10:01:41,Breakfast,TP,"[('Eggs', 9), ('Pancake', 8), ('Coffee', 2), ('Cereal', 7)]",554.0,-37.8058962,144.9443458,0,9.795,12.9164019
ORDC00635,02-09-2018,16:06:45,Dinner,NS,"[('Fish&Chips', 3), ('Salmon', 1), ('Pasta', 8)]",366.0,-37.8136525,144.9370198,0,9.901,18.1120561
ORDB08725,2018-02-20,09:31:16,Breakfast,TP,"[('Coffee', 6), ('Eggs', 6)]",177.0,-37.7989232,144.9727761,0,10.262,12.5621205
ORDA06515,2018-03-21,10:32:06,Breakfast,BK,"[('Pancake', 8), ('Eggs', 7)]",348.0,-37.8148408,144.960803,0,7.951,12.7874138
ORDY05498,2018-11-03,18:08:27,Dinner,TP,"[('Shrimp', 4), ('Salmon', 8)]",544.0,37.8249739,144.9589181,0,8.157,14.1491618
ORDK07017,2018-05-22,12:33:48,Lunch,BK,"[('Chicken', 3), ('Burger', 6)]",331.25,-37.8191071,144.9919458,0,5.615,11.2998592
ORDB04529,2018-04-25,11:43:05,Breakfast,ns,"[('Pancake', 10), ('Coffee', 4), ('Cereal', 7), ('Eggs', 2)]",463.5,-37.8183154,144.9968188,0,10.304,12.9907423
ORDX10949,2018-12-17,19:39:43,Dinner,BK,"[('Salmon', 8), ('Fish&Chips', 3), ('Pasta', 10)]",708.0,-37.8061201,144.9486771,0,8.811,15.4027455
ORDX05820,2018-03-05,10:01:41,Breakfast,BK,"[('Pancake', 8), ('Cereal', 5)]",299.0,-37.802148,144.9850819,0,9.817,11.1560244
ORDK03979,2018-07-24,14:45:38,Lunch,BK,"[('Burger', 3), ('Steak', 5), ('Chicken', 7)]",542.0,-37.8039603,144.9499152,0,10.259,15.0070035
ORDA04670,2018-10-26,17:48:10,Dinner,BK,"[('Chicken', 7), ('Shrimp', 5), ('Fish&Chips', 9)]",872.0,-37.8069141,144.998466,0,4.597,11.5270908
ORDC09358,2018-08-14,15:26:11,Lunch,NS,"[('Fries', 4), ('Salad', 10)]",220.0,-37.8233335,144.9998809,0,9.575,16.3439646
ORDC02554,2018-02-11,09:21:07,Dinner,NS,"[('Cereal', 5), ('Coffee', 2)]",120.0,-37.8128061,144.96827,0,7.622,13.8520804
ORDZ08728,05-09-2018,16:06:45,Dinner,NS,"[('Shrimp', 9), ('Salmon', 9), ('Fish&Chips', 8), ('Pasta', 8)]",1355.0,-37.8149362,144.9273511,0,10.813,16.4655972
ORDK03608,2018-07-04,14:05:04,Lunch,bk,"[('Fries', 9), ('Steak', 4), ('Chicken', 5), ('Salad', 5), ('Burger', 9)]",813.0,-37.8218102,144.9518698,0,8.888,14.5830505
ORDI00814,2018-04-05,11:02:32,Lunch,NS,"[('Eggs', 7), ('Coffee', 2), ('Pancake', 5)]",290.25,-37.7984477,144.9590122,0,7.432,12.8961655
ORDK04371,2018-02-08,09:10:59,Breakfast,BK,"[('Eggs', 1), ('Cereal', 3), ('Coffee', 8)]",145.0,37.8168264,144.9505586,0,9.228,13.8950178
ORDJ00958,2018-02-08,09:10:59,Breakfast,TP,"[('Coffee', 3), ('Eggs', 4)]",110.5,-37.8221003,144.9806504,0,8.618,11.2229512
ORDY03805,2018-11-05,18:08:27,Dinner,TP,"[('Shrimp', 5), ('Fish&Chips', 7), ('Salmon', 10)]",925.0,-37.8174395,144.9704191,0,7.912,11.9478235
ORDX05970,2018-12-30,20:00:00,Dinner,BK,"[('Fish&Chips', 6), ('Shrimp', 8)]",642.0,-37.8159229,144.9369739,0,10.058,19.5486235
ORDC08179,2018-01-18,08:30:25,Breakfast,tp,"[('Coffee', 6), ('Cereal', 2), ('Eggs', 4), ('Pancake', 6)]",320.5,-37.8038207,144.9678332,1,6.619,5.8683276
ORDZ07086,2018-10-29,17:58:18,Dinner,TP,"[('Shrimp', 10), ('Salmon', 9), ('Fish&Chips', 10)]",1259.0,-37.8239154,144.9299158,0,11.395,17.3149856
ORDK04975,2018-11-28,18:59:09,Dinner,BK,"[('Salmon', 8), ('Shrimp', 5)]",598.0,-37.8181858,144.975564,0,7.056,14.0904515
ORDK06875,2018-06-20,13:34:38,Breakfast,BK,"[('Chicken', 5), ('Salad', 1)]",177.2,-37.8129318,144.9617801,0,7.823,13.7698173
ORDI02776,2018-12-16,19:29:34,Dinner,NS,"[('Pasta', 10), ('Salmon', 2), ('Shrimp', 9)]",843.0,-37.8245704,144.9458233,0,8.843,18.2796982
ORDY07246,2018-22-02,09:41:24,Breakfast,TP,"[('Coffee', 7), ('Cereal', 2), ('Eggs', 1)]",116.5,-37.8261097,144.9847972,0,9.182,11.7540465
ORDZ10775,2018-08-05,15:05:54,Lunch,NS,"[('Chicken', 3), ('Fries', 7), ('Salad', 5), ('Burger', 9), ('Steak', 4)]",725.0,-37.8150574,144.952147,0,8.768,15.9814599
ORDY05839,2018-04-03,11:02:32,Lunch,TP,"[('Pancake', 2), ('Cereal', 3)]",111.5,-37.8132087,144.9903708,0,10.053,12.3009453
ORDC02482,2018-01-11,08:20:16,Breakfast,NS,"[('Eggs', 3), ('Cereal', 10)]",276.0,37.8072596,144.9573961,1,8.099,7.0805704
ORDZ01423,2018-08-27,15:56:37,Lunch,NS,"[('Steak', 9), ('Salad', 8), ('Chicken', 5)]",702.6,-37.8145317,144.9711395,0,7.742,12.773037
ORDA00779,2018-24-04,11:43:05,Breakfast,BK,"[('Pancake', 1), ('Cereal', 8)]",192.25,-37.8188348,144.953282,0,8.801,14.0984197
ORDB08485,2018-05-06,12:03:22,Lunch,TP,"[('Chicken', 4), ('Burger', 1)]",159.0,-37.8084464,144.9478112,0,9.708,14.2256135
ORDJ00215,2018-11-21,18:38:52,Dinner,TP,"[('Shrimp', 4), ('Salmon', 4), ('Fish&Chips', 10), ('Pasta', 4)]",840.0,-37.8078065,144.9827549,0,9.795,13.9936346
ORDJ04878,2018-11-11,18:28:43,Dinner,TP,"[('Shrimp', 6), ('Fish&Chips', 1)]",359.0,37.8033086,144.9615678,0,9.394,14.6121846
ORDK00322,2018-04-16,11:22:49,Breakfast,BK,"[('Eggs', 4), ('Cereal', 7), ('Pancake', 8)]",429.0,-37.811453,144.9646701,1,7.425,12.4785097
ORDZ00065,2018-04-25,11:43:05,Breakfast,NS,"[('Eggs', 10), ('Pancake', 8), ('Coffee', 1), ('Cereal', 10)]",631.5,-37.8187257,144.9535504,0,9.202,14.3597444
ORDY05231,2018-07-10,14:15:12,Lunch,ns,"[('Salad', 4), ('Burger', 3), ('Chicken', 6)]",353.8,-37.8245135,144.9827427,0,8.879,12.4003724
ORDZ00057,2018-09-08,16:16:54,Dinner,NS,"[('Shrimp', 3), ('Pasta', 4), ('Salmon', 5), ('Fish&Chips', 6)]",687.0,37.8197601,144.9760725,0,8.44,16.4101711
ORDZ10330,2018-06-13,13:24:30,Lunch,NS,"[('Fries', 5), ('Salad', 1), ('Steak', 9), ('Burger', 4)]",606.2,-37.8050751,144.9715944,0,6.93,12.5422142
ORDJ04762,2018-05-20,12:33:48,Lunch,TP,"[('Fries', 8), ('Chicken', 4)]",224.0,-37.8097839,144.9932567,0,10.438,15.3825635
ORDI05094,2018-06-14,13:24:30,Lunch,NS,"[('Burger', 7), ('Steak', 3), ('Fries', 1), ('Salad', 7)]",484.4,-37.827855,144.9843237,0,9.91,15.5270134
ORDJ07652,2018-04-20,11:32:57,Breakfast,TP,"[('Pancake', 2), ('Cereal', 1), ('Eggs', 4), ('Coffee', 4)]",187.5,-37.8253714,144.9569509,1,8.097,10.9164267
ORDC07069,2018-12-26,19:49:51,Dinner,NS,"[('Shrimp', 10), ('Fish&Chips', 5), ('Pasta', 8), ('Salmon', 5)]",1140.0,37.8118717,144.9999248,0,9.575,15.8072647
ORDK07757,2018-11-14,18:28:43,Breakfast,BK,"[('Pasta', 3), ('Salmon', 4), ('Shrimp', 2), ('Fish&Chips', 2)]",424.5,-37.8001762,144.9617518,0,8.162,15.157208
ORDY06809,2018-06-11,13:14:21,Lunch,TP,"[('Salad', 7), ('Steak', 6), ('Fries', 3)]",426.4,-37.823687,144.9431055,0,9.232,13.1007772
ORDY08664,2018-05-31,12:54:05,Lunch,TP,"[('Chicken', 3), ('Salad', 8), ('Fries', 1), ('Steak', 9)]",650.6,-37.8202914,144.9576972,0,7.931,11.4837711
ORDB00227,2018-02-08,09:10:59,Breakfast,TP,"[('Pancake', 4), ('Cereal', 8), ('Eggs', 9)]",463.0,-37.8022099,144.9605892,0,9.454,11.7666109
ORDK07507,2018-08-16,15:26:11,Lunch,NS,"[('Salad', 6), ('Fries', 10), ('Steak', 1), ('Chicken', 4)]",396.2,-37.8106389,145.0006749,0,4.078,9.9242706
ORDZ10436,2018-06-09,13:14:21,Lunch,NS,"[('Burger', 2), ('Chicken', 10), ('Steak', 5), ('Salad', 2)]",641.4,37.8217211,144.9865224,0,9.327,17.0271555
ORDY10606,2018-11-14,18:28:43,Dinner,TP,"[('Shrimp', 5), ('Pasta', 10), ('Fish&Chips', 2), ('Salmon', 5)]",820.0,-37.8196346,144.9849957,0,11.395,13.659345
ORDA01759,2018-01-21,08:40:33,Breakfast,BK,"[('Eggs', 2), ('Cereal', 7), ('Pancake', 1), ('Coffee', 3)]",237.75,-37.8058514,144.9644836,0,7.403,14.8290355
ORDB10444,2018-08-13,15:26:11,Lunch,TP,"[('Chicken', 1), ('Fries', 9), ('Steak', 2), ('Burger', 9), ('Salad', 7)]",629.4,-37.8103404,144.9870615,0,10.859,13.533429
ORDZ03572,2018-01-22,08:40:33,Breakfast,NS,"[('Coffee', 6), ('Pancake', 4), ('Cereal', 7)]",460.2,-37.8012268,144.9744203,0,6.478,11.434547
ORDK03452,2018-05-15,12:23:39,Lunch,BK,"[('Burger', 9), ('Chicken', 4), ('Salad', 5)]",493.0,-37.8182673,144.9642352,1,7.723,14.0861808
ORDK06427,2018-07-27,14:45:38,Lunch,BK,"[('Chicken', 10), ('Steak', 10), ('Burger', 4), ('Salad', 1)]",911.2,-37.801237,144.9631826,0,8.076,14.1467116
ORDY06462,2018-02-25,09:51:32,Breakfast,TP,"[('Pancake', 1), ('Cereal', 6), ('Eggs', 2)]",194.25,-37.8023809,144.9918315,0,11.354,15.8573973
ORDK03365,2018-08-07,15:16:03,Dinner,BK,"[('Burger', 5), ('Chicken', 2), ('Fries', 8), ('Salad', 3)]",366.6,-37.8108766,145.0141308,0,3.632,9.3674694
ORDK01844,2018-04-10,11:12:40,Breakfast,BK,"[('Pancake', 10), ('Coffee', 6)]",287.5,-37.802889,144.9476755,0,8.903,13.7871627
ORDZ05717,2018-11-10,18:18:35,Dinner,NS,"[('Pasta', 10), ('Cereal', 8)]",603.0,-37.799738,144.9573739,0,7.286,15.3571167
ORDZ04202,07-04-2018,11:12:40,Breakfast,NS,"[('Coffee', 6), ('Pancake', 5)]",166.25,-37.8181372,145.0107552,0,11.023,17.8342962
ORDK05316,2018-04-01,10:52:23,Breakfast,BK,"[('Eggs', 3), ('Pancake', 4)]",163.0,-37.817163,144.9534711,1,8.656,16.6818423
ORDX03472,2018-11-20,18:38:52,Dinner,BK,"[('Pasta', 4), ('Fish&Chips', 10), ('Shrimp', 9)]",946.0,-37.817809,144.9518045,1,9.084,15.9261718
ORDC05875,2018-30-04,11:53:14,Breakfast,NS,"[('Coffee', 3), ('Eggs', 2), ('Cereal', 2)]",108.5,-37.8148738,144.9449284,0,9.193,14.1079989
ORDY06272,2018-07-30,14:55:46,Lunch,TP,"[('Burger', 3), ('Steak', 6), ('Fries', 1), ('Salad', 5)]",461.0,-37.8046743,144.9931465,0,10.977,13.4502151
ORDI00795,2018-04-13,11:22:49,Breakfast,NS,"[('Salmon', 7), ('Cereal', 8)]",220.5,-37.8014226,144.9469542,0,8.38,13.5332889
ORDK06946,2018-10-25,17:48:10,Dinner,BK,"[('Fish&Chips', 5), ('Salmon', 2)]",725.0,-37.8190847,144.963387,0,7.862,14.7429119
ORDX08255,2018-02-22,09:41:24,Breakfast,BK,"[('Cereal', 4), ('Coffee', 4)]",114.0,37.8151312,144.9662281,0,7.581,12.4839075
ORDA09227,2018-05-23,12:43:56,Lunch,BK,"[('Burger', 2), ('Fries', 2), ('Chicken', 8), ('Salad', 6)]",354.25,-37.8134464,144.9897247,0,5.375,11.1859908
ORDI05585,2018-03-13,10:21:58,Breakfast,NS,"[('Eggs', 6), ('Cereal', 1), ('Pancake', 10), ('Coffee', 5)]",433.0,-37.8003883,144.9587906,0,7.211,12.0492092
ORDC05502,2018-08-24,15:46:28,Lunch,NS,"[('Steak', 3), ('Burger', 4), ('Salad', 4), ('Chicken', 10), ('Fries', 6)]",719.8,-37.8012679,144.9527585,0,7.782,13.0036249
ORDZ08085,2018-11-07,18:18:35,Dinner,NS,"[('Pasta', 3), ('Shrimp', 10), ('Salmon', 5)]",709.0,-37.810176,144.9614425,0,7.633,13.346425
ORDA03797,2018-06-21,13:34:38,Lunch,BK,"[('Salad', 3), ('Fries', 9), ('Chicken', 3), ('Steak', 7)]",570.6,-37.8164963,144.9458666,0,9.268,15.2065881
ORDZ03865,2018-12-21,19:39:43,Breakfast,NS,"[('Fish&Chips', 6), ('Shrimp', 9)]",696.0,-37.8149505,144.9377017,0,9.848,16.1996047
ORDX02305,2018-11-16,18:38:52,Dinner,BK,"[('Pasta', 3), ('Shrimp', 1), ('Salmon', 4), ('Fish&Chips', 5)]",475.5,-37.8149764,145.008444,0,3.858,10.2383534
ORDC06069,2018-05-17,12:23:39,Lunch,NS,"[('Steak', 2), ('Fries', 10)]",210.0,-37.8085443,144.9634169,0,7.49,12.9508707
ORDB01774,2018-12-20,19:39:43,Dinner,TP,"[('Shrimp', 2), ('Pasta', 3), ('Salmon', 5), ('Fish&Chips', 10)]",745.5,-37.8211236,144.9549655,0,8.191,12.3885784
ORDZ05373,2018-01-15,08:20:16,Breakfast,NS,"[('Eggs', 1), ('Cereal', 8), ('Coffee', 10)]",265.0,-37.8085396,144.999884,1,7.731,7.6302154
ORDI08845,2018-10-16,17:27:53,Dinner,NS,"[('Shrimp', 1), ('Fish&Chips', 7), ('Salmon', 3)]",422.0,-37.8236517,144.996533,0,10.231,16.3755987
ORDZ01893,2018-03-17,10:21:58,Lunch,NS,"[('Eggs', 9), ('Coffee', 10), ('Cereal', 2)]",315.0,-37.8214287,144.9894055,0,9.442,16.2218917
ORDZ03099,2018-08-31,15:56:37,Lunch,NS,"[('Shrimp', 8), ('Salad', 2), ('Steak', 5)]",515.4,-37.8085707,144.9612186,0,7.731,13.4109096
ORDC01469,2018-06-09,13:14:21,Lunch,NS,"[('Salad', 3), ('Fries', 1), ('Burger', 1)]",94.6,-37.7998391,144.9265225,0,10.017,18.5071143
ORDC02347,2018-08-14,15:26:11,Lunch,NS,"[('Steak', 5), ('Chicken', 8), ('Burger', 6), ('Salad', 8)]",804.6,-37.8215272,145.0018593,0,10.526,16.411035
ORDB08254,2018-12-04,19:09:17,Dinner,TP,"[('Fish&Chips', 10), ('Shrimp', 10)]",890.0,-37.8245789,144.969445,0,8.16,12.3058662
ORDX09534,2018-05-11,12:13:31,Dinner,BK,"[('Fries', 5), ('Salad', 3), ('Chicken', 1)]",143.6,-37.8046549,145.0019024,0,4.734,10.6378803
ORDC04176,2018-23-09,16:47:19,Dinner,NS,"[('Pasta', 1), ('Shrimp', 5), ('Salmon', 10), ('Fish&Chips', 4)]",847.5,-37.798957,144.9542674,0,7.592,15.5227159
ORDI01709,2018-03-22,10:32:06,Breakfast,NS,"[('Eggs', 2), ('Coffee', 3), ('Cereal', 6)]",192.5,-37.8189399,144.9626801,0,8.726,13.7014594
ORDZ08708,2018-09-03,16:06:45,Dinner,NS,"[('Pasta', 6), ('Fish&Chips', 6)]",375.0,-37.8147037,144.9355276,0,10.138,15.9580685
ORDZ09654,2018-05-18,12:33:48,Lunch,NS,"[('Chicken', 1), ('Steak', 1)]",77.0,-37.8149007,144.9450232,1,9.182,14.4149237
ORDK02400,2018-10-13,17:27:53,Dinner,BK,"[('Fish&Chips', 10), ('Shrimp', 7), ('Pasta', 3), ('Salmon', 2)]",892.5,-37.81969,144.9989739,0,5.019,14.6245409
ORDK00580,2018-07-05,14:05:04,Lunch,bk,"[('Chicken', 7), ('Fries', 3), ('Salad', 3)]",311.6,-37.8046728,144.9365014,0,9.939,16.1800214
ORDY01058,2018-10-18,17:38:01,Dinner,TP,"[('Pasta', 6), ('Shrimp', 4), ('Salmon', 8)]",709.0,-37.8033053,144.9510182,0,9.886,14.0593478
ORDA07025,2018-01-15,08:20:16,Dinner,BK,"[('Coffee', 7), ('Eggs', 7)]",206.5,-37.815102,144.9230496,1,11.882,8.8678226
ORDX00777,2018-05-14,12:23:39,Lunch,BK,"[('Chicken', 10), ('Fries', 7), ('Steak', 8), ('Salad', 10)]",936.0,37.8006458,145.0059127,0,4.772,10.755139
ORDA10903,2018-02-22,09:41:24,Breakfast,BK,"[('Eggs', 8), ('Coffee', 8), ('Cereal', 5), ('Pancake', 9)]",559.25,-37.8260999,144.9847408,0,7.356,11.7745314
ORDZ09473,2018-02-28,09:51:32,Breakfast,NS,"[('Coffee', 4), ('Eggs', 3)]",96.0,37.8132344,145.0001751,0,9.747,14.7473451
ORDY07002,2018-02-08,09:10:59,Breakfast,TP,"[('Cereal', 8), ('Coffee', 3), ('Pancake', 10), ('Eggs', 3)]",897.0,-37.8016092,144.9584589,0,9.55,12.3059612
ORDI09714,2018-05-28,12:54:05,Lunch,NS,"[('Salad', 8), ('Fries', 6), ('Burger', 7), ('Chicken', 1), ('Steak', 10)]",908.6,-37.8151776,144.9731826,0,8.03,13.7486475
ORDJ03316,2018-05-28,12:54:05,Lunch,TP,"[('Burger', 1), ('Fries', 10), ('Steak', 1)]",196.0,-37.8088693,144.9462635,0,9.783,13.1777275
ORDA05964,2018-30-06,13:54:55,Lunch,BK,"[('Fries', 2), ('Chicken', 8), ('Burger', 8), ('Salad', 1), ('Steak', 9)]",950.2,-37.810713,144.938994,0,9.817,18.5744124
ORDA02537,2018-07-17,14:25:21,Lunch,BK,"[('Fries', 2), ('Burger', 3)]",117.0,-37.8080608,144.9490295,0,9.809,15.0355098
ORDY07525,2018-10-20,17:38:01,Dinner,TP,"[('Salmon', 4), ('Fish&Chips', 7)]",409.0,-37.8078257,144.9919877,0,10.513,15.5180048
ORDY02498,2018-03-01,09:51:32,Breakfast,TP,"[('Cereal', 2), ('Coffee', 10), ('Pancake', 1), ('Eggs', 9)]",339.25,-37.8063852,145.0100327,0,12.376,14.514915
ORDI00649,2018-12-29,20:00:00,Dinner,BK,"[('Shrimp', 1), ('Pasta', 9), ('Fish&Chips', 9), ('Salmon', 4)]",780.5,-37.8137954,144.9718227,0,7.671,15.1080293
ORDC06685,2018-05-07,12:03:22,Lunch,NS,"[('Burger', 10), ('Steak', 1), ('Salad', 10), ('Fries', 4), ('Chicken', 3)]",671.0,-37.8144221,144.961358,0,8.207,13.0488306
ORDZ06569,2018-08-14,15:26:11,Breakfast,NS,"[('Steak', 10), ('Fries', 6)]",522.0,-37.8094486,144.9721165,0,7.193,12.3318946
ORDA05033,2018-23-10,17:48:10,Dinner,BK,"[('Fish&Chips', 2), ('Pasta', 7)]",262.5,-37.8164564,144.9790645,0,6.616,13.6796941
ORDX06948,2018-08-01,14:55:46,Breakfast,BK,"[('Steak', 3), ('Burger', 2), ('Salad', 8), ('Fries', 4), ('Chicken', 5)]",542.6,-37.8034165,144.9499317,0,8.806,14.6556827
ORDI02600,2018-12-09,19:19:26,Dinner,NS,"[('Fish&Chips', 10), ('Salmon', 1), ('Pasta', 10), ('Shrimp', 3)]",465.25,-37.8116138,144.9381312,0,10.274,17.5391516
ORDC06386,2018-06-19,13:34:38,Lunch,NS,"[('Burger', 8), ('Fries', 7), ('Chicken', 6)]",524.0,37.8234379,145.0068164,0,11.083,17.0495959
ORDJ02281,2018-01-25,08:40:33,Breakfast,ns,"[('Coffee', 8), ('Pancake', 6)]",205.5,-37.8122458,144.9621679,0,8.262,10.6122321
ORDI07872,2018-09-16,16:27:02,Dinner,TP,"[('Salmon', 4), ('Shrimp', 7)]",542.0,-37.805261,144.9417484,0,9.231,16.9549229
ORDJ10018,2018-07-18,14:35:29,Lunch,TP,"[('Chicken', 9), ('Burger', 9)]",311.6,-37.8123656,144.9683329,0,8.696,11.8264069
ORDI04342,2018-06-08,13:14:21,Lunch,NS,"[('Fries', 7), ('Steak', 8)]",444.0,-37.8037458,144.9517663,0,8.112,13.762342
ORDZ08122,2018-09-03,16:06:45,Dinner,BK,"[('Shrimp', 3), ('Salmon', 1), ('Fish&Chips', 5)]",378.0,-37.8126315,144.9650456,0,7.903,13.6448141
ORDY04132,2018-01-09,08:10:08,Breakfast,TP,"[('Coffee', 8), ('Cereal', 2), ('Eggs', 10)]",322.0,-37.8206025,145.0040141,1,11.026,6.0485861
ORDK07513,2018-07-02,13:54:55,Lunch,bk,"[('Salad', 6), ('Fries', 2), ('Burger', 4), ('Steak', 4)]",431.2,-37.8121675,144.9553308,0,8.193,13.6292892
ORDJ01409,2018-01-27,08:50:42,Breakfast,ns,"[('Eggs', 4), ('Cereal', 3), ('Coffee', 6)]",196.0,-37.8095847,144.9639966,0,8.66,12.4065337
ORDB09916,2018-01-27,08:50:42,Breakfast,TP,"[('Pancake', 1), ('Eggs', 9), ('Cereal', 7), ('Coffee', 8)]",429.25,-37.8228248,144.9579492,0,7.783,11.932044
ORDA01544,2018-08-29,15:56:37,Lunch,BK,"[('Fries', 1), ('Chicken', 3), ('Burger', 3), ('Steak', 7), ('Salad', 4)]",584.8,-37.8173448,144.9460826,0,10.639,15.5565232
ORDC01274,2018-10-07,17:17:44,Lunch,NS,"[('Pasta', 4), ('Fish&Chips', 9), ('Salmon', 3), ('Shrimp', 4)]",764.0,-37.8064681,144.9558626,0,8.019,16.2529654
ORDI01383,2018-03-04,10:01:41,Breakfast,NS,"[('Pancake', 8), ('Cereal', 4), ('Coffee', 2)]",293.0,-37.8155051,144.935688,0,10.034,17.0322544
ORDB01184,2018-06-30,13:54:55,Lunch,TP,"[('Fries', 6), ('Chicken', 5), ('Salad', 6), ('Burger', 10), ('Steak', 2)]",735.2,-37.816377,145.0088781,0,11.623,15.8743331
ORDZ02568,2018-03-30,10:52:23,Breakfast,NS,"[('Eggs', 7), ('Coffee', 7)]",206.5,37.8161564,144.9641293,0,8.262,12.8505548
ORDY06857,2018-03-16,10:21:58,Breakfast,TP,"[('Cereal', 9), ('Pancake', 7)]",617.0,-37.8077636,144.9425253,0,10.134,12.6677138
ORDC08988,2018-08-25,15:46:28,Lunch,NS,"[('Steak', 1), ('Burger', 6)]",231.0,-37.8052871,144.9369256,1,9.686,17.0446094
ORDY10159,2018-11-05,18:08:27,Dinner,TP,"[('Pasta', 7), ('Fish&Chips', 9), ('Salmon', 6), ('Shrimp', 9)]",1239.5,-37.8191494,144.9821874,0,8.953,13.4279535
ORDA02233,2018-05-30,12:54:05,Lunch,BK,"[('Steak', 9), ('Salad', 5), ('Chicken', 3), ('Burger', 3)]",680.0,-37.822891,144.9364294,0,10.497,16.4620016
ORDI06037,2018-08-08,15:16:03,Lunch,NS,"[('Fries', 6), ('Salad', 8), ('Pancake', 10)]",659.6,-37.8190118,144.9603154,0,8.878,14.0721511
ORDI06061,2018-10-11,17:17:44,Dinner,NS,"[('Fish&Chips', 4), ('Pasta', 6), ('Salmon', 4)]",469.0,-37.8120614,144.9531453,0,8.455,14.5392418
ORDB05238,2018-05-22,12:33:48,Lunch,TP,"[('Chicken', 1), ('Burger', 10), ('Salad', 3), ('Fries', 10)]",441.5,-37.8069983,144.944716,0,10.106,13.5033639
ORDA09484,2018-02-11,09:21:07,Breakfast,BK,"[('Pancake', 4), ('Cereal', 4), ('Coffee', 2)]",196.0,-37.8140962,144.9713425,0,7.068,14.2874465
ORDK05136,2018-05-16,12:23:39,Lunch,BK,"[('Chicken', 1), ('Fries', 5), ('Burger', 5)]",247.0,37.809039,144.9719353,0,7.233,13.3334769
ORDI03545,2018-09-30,16:57:27,Dinner,NS,"[('Salmon', 7), ('Shrimp', 2), ('Pasta', 7), ('Fish&Chips', 10)]",937.5,-37.7990458,144.9783525,0,6.985,15.1557422
ORDA01030,2018-12-25,19:49:51,Dinner,BK,"[('Pasta', 8), ('Fish&Chips', 1), ('Shrimp', 5)]",525.0,-37.8158245,144.9326915,1,10.859,17.9578789
ORDC00650,2018-12-07,19:19:26,Dinner,NS,"[('Shrimp', 4), ('Pasta', 1)]",243.5,37.8108364,144.988188,0,8.531,14.505704
ORDZ10706,2018-02-17,09:31:16,Breakfast,NS,"[('Coffee', 8), ('Eggs', 3), ('Cereal', 8)]",294.0,-37.8041145,144.9495843,0,8.391,15.3558511
ORDZ05616,2018-06-02,13:04:13,Lunch,NS,"[('Steak', 6), ('Salad', 6)]",630.4,-37.8180368,144.964893,0,8.492,15.4645044
ORDC09473,2018-04-24,11:43:05,Breakfast,NS,"[('Cereal', 9), ('Coffee', 9), ('Pancake', 3)]",329.25,-37.8113345,144.958376,0,8.434,13.5576849
ORDA00633,2018-06-06,13:04:13,Lunch,BK,"[('Fries', 6), ('Chicken', 3), ('Steak', 10), ('Burger', 10)]",928.0,-37.8046982,144.9615629,0,9.616,14.9810805
ORDJ02472,2018-07-27,14:45:38,Lunch,TP,"[('Chicken', 5), ('Steak', 5), ('Burger', 3), ('Eggs', 4)]",546.8,-37.8221722,144.9784874,0,8.545,11.560868
ORDI00346,2018-11-12,18:28:43,Dinner,NS,"[('Shrimp', 1), ('Salmon', 7)]",280.5,-37.8137717,144.9572655,0,8.301,13.9552579
ORDX10788,2018-05-31,12:54:05,Lunch,BK,"[('Steak', 6), ('Burger', 6)]",456.0,-37.8085408,144.9578834,0,7.938,13.7283443
ORDJ06449,2018-11-12,18:28:43,Dinner,ns,"[('Fish&Chips', 2), ('Salmon', 1), ('Pasta', 5)]",248.5,-37.8036321,144.9787692,0,10.191,14.224678
ORDA00410,2018-10-06,17:17:44,Dinner,BK,"[('Salmon', 5), ('Fish&Chips', 8)]",485.0,-37.8073834,144.9941797,0,4.958,14.4609309
ORDZ01923,2018-07-19,14:35:29,Breakfast,NS,"[('Chicken', 5), ('Salad', 1)]",177.2,-37.8062807,144.982408,0,7.581,13.1017448
ORDC05347,2018-09-29,16:57:27,Dinner,bk,"[('Shrimp', 3), ('Fish&Chips', 3), ('Pasta', 9), ('Salmon', 10)]",924.5,-37.8033485,144.9526442,0,7.987,16.1278284
ORDI04129,2018-03-09,10:11:49,Breakfast,NS,"[('Cereal', 8), ('Pancake', 2)]",216.5,-37.8073918,144.9628592,0,7.362,12.4725409
ORDI02498,2018-07-18,14:35:29,Lunch,NS,"[('Chicken', 6), ('Steak', 9)]",597.0,-37.8069298,144.965933,0,7.074,12.606265
ORDI08130,2018-03-25,10:42:15,Breakfast,NS,"[('Pancake', 9), ('Eggs', 2)]",262.25,-37.8237746,144.9374832,0,10.792,17.7250381
ORDA03571,2018-01-14,08:20:16,Breakfast,BK,"[('Eggs', 3), ('Pancake', 1)]",90.25,-37.8030878,144.9495381,1,8.735,7.5609277
ORDK10323,2018-05-19,12:33:48,Lunch,BK,"[('Fries', 10), ('Burger', 8), ('Chicken', 2)]",432.0,-37.8029301,144.9581447,0,8.037,16.5516398
ORDX09159,2018-01-28,08:50:42,Breakfast,BK,"[('Coffee', 4), ('Cereal', 10), ('Eggs', 2), ('Pancake', 5)]",405.25,37.8105543,144.9382144,0,9.898,16.9392781
ORDA02384,2018-01-21,08:40:33,Breakfast,BK,"[('Coffee', 8), ('Cereal', 10)]",270.0,-37.8057819,144.9644964,0,7.411,14.507297
ORDY00074,2018-06-14,13:24:30,Lunch,TP,"[('Pancake', 1), ('Salad', 1), ('Steak', 5), ('Burger', 6)]",460.2,-37.809549,144.9638737,0,8.659,12.0640389
ORDB00480,2018-12-02,19:09:17,Dinner,TP,"[('Pasta', 5), ('Shrimp', 4)]",353.5,-37.8231533,144.9623636,0,7.632,13.718684
ORDJ10474,2018-10-18,17:38:01,Dinner,TP,"[('Eggs', 1), ('Salmon', 10), ('Fish&Chips', 2)]",534.0,-37.8187568,144.967071,0,7.564,12.2448789
ORDX01305,2018-11-05,18:08:27,Dinner,BK,"[('Shrimp', 1), ('Salmon', 1), ('Fish&Chips', 6), ('Eggs', 10)]",580.0,-37.8197673,144.9484869,0,9.311,16.2637481
ORDC08789,2018-01-31,09:00:50,Lunch,NS,"[('Eggs', 8), ('Pancake', 3), ('Cereal', 2)]",290.75,-37.8037706,144.9564762,0,7.702,13.0635548
ORDK02764,2018-12-08,19:19:26,Dinner,BK,"[('Fish&Chips', 1), ('Salmon', 3)]",158.0,37.8149824,144.9484848,0,9.375,18.3738461
ORDB03547,09-06-2018,13:14:21,Lunch,TP,"[('Salad', 4), ('Fries', 8), ('Steak', 10), ('Chicken', 10)]",934.8,-37.7998391,144.9265225,0,11.764,16.4771463
ORDI06649,2018-03-18,10:32:06,Breakfast,BK,"[('Pancake', 4), ('Cereal', 9), ('Coffee', 10)]",361.0,-37.8150314,144.9528897,0,8.714,15.5600157
ORDJ03688,2018-12-08,19:19:26,Dinner,TP,"[('Pasta', 6), ('Shrimp', 2), ('Fish&Chips', 9)]",588.0,-37.8207274,144.9485635,0,8.875,14.5385649
ORDX02770,2018-07-14,14:25:21,Lunch,BK,"[('Burger', 6), ('Steak', 9), ('Chicken', 10), ('Salad', 7), ('Fries', 1)]",1043.4,-37.8168075,145.0073593,0,8.811,11.6716173
ORDK01720,2018-05-23,12:43:56,Lunch,BK,"[('Salad', 7), ('Fries', 6), ('Chicken', 8), ('Steak', 6)]",718.4,-37.8150707,144.9889123,1,5.66,11.114135
ORDZ05808,2018-06-11,13:14:21,Breakfast,NS,"[('Steak', 1), ('Salad', 3)]",96.6,-37.7993561,144.9607673,0,7.235,12.4285651
ORDJ09956,2018-05-02,11:53:14,Breakfast,TP,"[('Eggs', 4), ('Coffee', 7), ('Cereal', 10), ('Pancake', 4)]",1029.5,-37.8195648,145.0141002,0,11.889,14.2017919
ORDB10101,2018-08-10,15:16:03,Lunch,TP,"[('Burger', 10), ('Steak', 4), ('Fries', 8)]",586.0,-37.8045225,145.0111104,0,12.667,15.887709
ORDZ02596,2018-11-28,18:59:09,Dinner,NS,"[('Fish&Chips', 3), ('Shrimp', 10), ('Salmon', 3)]",480.0,-37.8208075,144.9666369,0,8.868,14.270546
ORDA00819,2018-12-23,19:49:51,Dinner,BK,"[('Pasta', 6), ('Fish&Chips', 7), ('Shrimp', 2), ('Cereal', 8)]",846.0,-37.8194991,145.0042315,0,4.633,13.504069
ORDA09803,2018-12-04,19:09:17,Dinner,BK,"[('Fish&Chips', 5), ('Salmon', 5), ('Pasta', 8)]",600.0,-37.8064471,144.9325031,0,10.341,18.3738844
ORDY05452,2018-05-14,12:23:39,Lunch,TP,"[('Chicken', 7), ('Salad', 2), ('Steak', 9)]",663.4,-37.7988562,144.959089,0,10.003,13.73333
ORDX00408,2018-02-04,09:00:50,Breakfast,BK,"[('Eggs', 8), ('Coffee', 6)]",221.0,-37.8174059,144.9907682,0,5.588,13.1722391
ORDB03782,2018-05-21,12:33:48,Lunch,TP,"[('Steak', 5), ('Burger', 6), ('Chicken', 9), ('Fries', 2), ('Salad', 4)]",725.0,-37.8154782,144.95394,0,8.64,11.6659224
ORDK05498,2018-01-17,08:30:25,Breakfast,BK,"[('Eggs', 7), ('Pancake', 10), ('Coffee', 5)]",434.0,-37.8065317,144.9571102,1,8.44,6.2879755
ORDB08933,2018-09-15,16:27:02,Dinner,bk,"[('Salmon', 2), ('Shrimp', 3), ('Fish&Chips', 7), ('Pasta', 1)]",516.5,-37.8242676,144.9914758,0,9.657,15.3197406
ORDC06704,2018-01-27,08:50:42,Lunch,NS,"[('Cereal', 6), ('Pancake', 9), ('Eggs', 6), ('Coffee', 4)]",506.25,-37.8054759,144.9268255,0,10.705,17.8496993
ORDI10829,2018-10-22,17:48:10,Dinner,NS,"[('Fish&Chips', 5), ('Salmon', 8), ('Shrimp', 4), ('Pasta', 9)]",966.5,-37.8084972,144.945531,0,8.995,15.2581979
ORDK09991,2018-01-01,08:00:00,Breakfast,BK,"[('Cereal', 8), ('Coffee', 1), ('Pancake', 10), ('Eggs', 8)]",594.0,-37.8041711,144.9584591,1,7.922,6.5995848
ORDC09269,2018-11-06,18:08:27,Dinner,NS,"[('Pasta', 4), ('Salmon', 5), ('Shrimp', 6)]",639.0,-37.8152788,144.9636282,1,8.163,14.0244638
ORDB02704,2018-02-20,09:31:16,Breakfast,TP,"[('Coffee', 7), ('Eggs', 5)]",162.5,-37.8074681,144.9428696,0,10.867,12.7180776
ORDA03086,2018-10-08,17:17:44,Dinner,BK,"[('Fish&Chips', 7), ('Pasta', 5)]",382.5,-37.8034006,144.9657297,0,7.528,15.0465262
ORDI07035,2018-05-16,12:23:39,Lunch,NS,"[('Chicken', 9), ('Salad', 4)]",356.8,-37.8144028,144.9744978,0,7.795,13.1668999
ORDB05075,2018-14-08,15:26:11,Lunch,TP,"[('Fries', 3), ('Chicken', 10)]",356.0,-37.8035927,144.954148,0,9.62,13.4130883
ORDJ03084,2018-04-15,11:22:49,Breakfast,TP,"[('Pancake', 1), ('Cereal', 8), ('Eggs', 9), ('Coffee', 10)]",465.25,-37.8071068,144.9709672,0,9.35,14.1742701
ORDC03927,2018-23-02,09:41:24,Breakfast,NS,"[('Cereal', 1), ('Eggs', 1), ('Coffee', 7)]",95.5,-37.8063872,144.9324071,0,10.177,15.3644882
ORDZ05706,2018-02-02,09:00:50,Breakfast,NS,"[('Coffee', 6), ('Pancake', 7), ('Eggs', 5)]",324.75,-37.8109193,144.9970542,0,9.25,14.9106921
ORDX08997,2018-08-05,15:05:54,Lunch,BK,"[('Burger', 4), ('Salad', 9), ('Steak', 10)]",728.8,-37.8123649,144.9544336,0,8.276,16.3586144
ORDA05026,2018-01-12,08:20:16,Breakfast,BK,"[('Eggs', 2), ('Cereal', 9), ('Pancake', 5)]",354.25,-37.8208847,144.9474135,0,9.333,7.1550708
ORDK06591,2018-12-30,20:00:00,Dinner,BK,"[('Shrimp', 9), ('Salmon', 10), ('Fish&Chips', 3), ('Pasta', 10)]",1276.0,-37.8064317,144.9607953,0,7.626,17.2363355
ORDA03713,2018-03-03,10:01:41,Breakfast,BK,"[('Cereal', 9), ('Coffee', 9), ('Pancake', 7), ('Eggs', 2)]",470.25,-37.8223392,145.0155776,0,4.662,11.4653196
ORDZ06934,2018-12-12,19:29:34,Dinner,ns,"[('Salmon', 2), ('Pasta', 5), ('Shrimp', 4), ('Fish&Chips', 10)]",785.5,-37.8137047,144.9655369,0,8.064,13.3408018
ORDJ09858,2018-10-05,17:07:36,Dinner,tp,"[('Fish&Chips', 6), ('Shrimp', 3), ('Pasta', 4)]",482.0,-37.8083117,144.9558406,0,9.07,13.354143
ORDY03879,2018-03-19,10:32:06,Breakfast,TP,"[('Coffee', 7), ('Pancake', 1), ('Cereal', 7), ('Eggs', 4)]",311.75,-37.8141362,144.9519654,1,8.949,11.294721
ORDC00664,2018-11-25,18:49:00,Dinner,NS,"[('Pasta', 1), ('Fish&Chips', 1), ('Salmon', 4), ('Shrimp', 1)]",280.5,-37.8061015,144.9585153,0,7.716,15.2048913
ORDY09712,2018-11-30,18:59:09,Dinner,TP,"[('Shrimp', 6), ('Salmon', 10)]",734.0,-37.8013695,145.0041559,0,12.185,15.3660218
ORDA02484,2018-03-07,10:01:41,Breakfast,BK,"[('Coffee', 9), ('Eggs', 8), ('Pancake', 10)]",486.0,-37.8160789,144.9829911,0,6.216,10.7770774
ORDC10708,2018-01-28,08:50:42,Breakfast,NS,"[('Shrimp', 8), ('Pancake', 10), ('Coffee', 6), ('Cereal', 2)]",505.5,-37.8105056,144.9376672,0,9.866,16.7470474
ORDA10991,2018-02-15,09:31:16,Breakfast,BK,"[('Cereal', 4), ('Eggs', 3), ('Pancake', 2), ('Coffee', 3)]",221.0,-37.8082689,144.983458,0,5.77,10.560283
ORDC03069,2018-03-29,10:52:23,Breakfast,NS,"[('Coffee', 4), ('Eggs', 10), ('Pancake', 1), ('Cereal', 4)]",380.25,-37.8216615,144.9630736,0,9.082,13.8941536
ORDK10975,2018-12-13,19:29:34,Dinner,BK,"[('Salmon', 8), ('Burger', 1), ('Fish&Chips', 10), ('Shrimp', 6)]",1029.5,-37.8180818,144.9777076,0,7.421,13.880281
ORDI01042,2018-02-22,09:41:24,Breakfast,NS,"[('Eggs', 2), ('Coffee', 3), ('Pancake', 8), ('Cereal', 7)]",407.5,-37.8260013,144.9842795,0,9.557,14.3286434
ORDZ08705,2018-10-15,17:27:53,Dinner,NS,"[('Fish&Chips', 2), ('Salmon', 8)]",398.0,-37.8161578,144.9949905,0,9.626,15.4734728
ORDZ06646,2018-07-05,14:05:04,Lunch,NS,"[('Salad', 1), ('Steak', 3), ('Salmon', 4), ('Fries', 7)]",360.2,-37.8135588,144.9471322,0,9.2,14.6807036
ORDZ10804,2018-05-27,12:43:56,Lunch,NS,"[('Burger', 8), ('Fries', 5)]",308.0,-37.805486,144.9522769,0,8.23,15.8173586
ORDB01530,2018-18-06,13:34:38,Lunch,TP,"[('Steak', 5), ('Salad', 6)]",328.2,-37.8188311,144.9755155,0,8.369,11.5288644
ORDC05356,2018-06-21,13:34:38,Lunch,NS,"[('Chicken', 7), ('Steak', 6)]",494.0,-37.8038697,144.9974622,1,8.755,14.195472
ORDY09888,2018-11-28,18:59:09,Dinner,TP,"[('Salmon', 9), ('Fish&Chips', 5)]",544.0,-37.80439,144.9487149,0,9.902,14.0300039
ORDB07638,2018-03-17,10:21:58,Breakfast,TP,"[('Pancake', 6), ('Coffee', 1)]",153.0,-37.82014,144.9824864,0,9.105,13.5090237
ORDC02810,2018-12-01,18:59:09,Dinner,NS,"[('Pasta', 2), ('Eggs', 6)]",379.0,-37.8180392,144.9669178,0,8.407,16.7285757
ORDK10568,2018-03-17,10:21:58,Breakfast,BK,"[('Pancake', 4), ('Eggs', 3), ('Cereal', 4), ('Coffee', 6)]",292.0,-37.8206336,144.9836358,0,6.497,13.7985517
ORDY01744,01-10-2018,17:07:36,Dinner,TP,"[('Pasta', 2), ('Shrimp', 8), ('Fish&Chips', 1), ('Salmon', 8)]",850.0,-37.8107938,144.9755197,0,8.95,13.4623497
ORDZ09502,2018-27-09,16:57:27,Dinner,NS,"[('Pasta', 3), ('Fish&Chips', 4)]",222.5,-37.8016383,144.9690525,0,6.289,11.768618
ORDK03212,2018-09-01,16:06:45,Dinner,BK,"[('Fish&Chips', 3), ('Pasta', 5)]",242.5,37.8162646,144.9557341,0,8.431,17.608013
ORDB00486,2018-05-20,12:33:48,Lunch,TP,"[('Salad', 2), ('Burger', 3), ('Fries', 10), ('Steak', 1), ('Chicken', 1)]",324.4,-37.8097638,144.9932051,0,10.444,15.2734139
ORDJ08590,2018-03-12,10:11:49,Breakfast,TP,"[('Pancake', 2), ('Coffee', 8), ('Eggs', 10), ('Cereal', 4)]",412.5,-37.8149298,144.9998555,0,8.44,13.553064
ORDJ05214,06-10-2018,17:07:36,Dinner,TP,"[('Pasta', 10), ('Fish&Chips', 3), ('Salmon', 3), ('Shrimp', 10)]",1043.0,-37.8191893,144.9980347,0,10.502,15.6220981
ORDI08239,2018-14-04,11:22:49,Breakfast,NS,"[('Cereal', 9), ('Eggs', 4), ('Coffee', 3)]",299.5,-37.8046538,144.945257,0,8.827,15.5903396
ORDJ06573,2018-10-09,17:17:44,Dinner,TP,"[('Fish&Chips', 1), ('Pasta', 8), ('Salmon', 8), ('Shrimp', 8)]",1015.0,-37.810948,144.9628326,0,8.446,12.518215
ORDC07064,2018-07-02,14:05:04,Lunch,NS,"[('Fries', 7), ('Chicken', 2)]",148.0,-37.8183062,144.976571,0,8.356,13.7598745
ORDC05400,2018-06-04,13:04:13,Lunch,NS,"[('Chicken', 5), ('Burger', 7), ('Steak', 3)]",512.0,-37.8175397,144.9667006,1,8.369,13.8245001
ORDB02341,2018-01-19,08:30:25,Breakfast,TP,"[('Pancake', 6), ('Coffee', 6)]",190.5,-37.8043872,144.9478287,0,9.858,12.063154
ORDK02043,2018-09-13,16:27:02,Dinner,TP,"[('Salmon', 5), ('Fish&Chips', 6), ('Pasta', 8), ('Shrimp', 1)]",689.0,-37.8000554,144.9546115,0,8.537,15.6198395
ORDX00370,2018-02-21,09:41:24,Lunch,BK,"[('Coffee', 2), ('Cereal', 10), ('Eggs', 9), ('Pancake', 7)]",592.75,-37.7993128,144.9877674,0,6.24,10.7746228
ORDC05686,2018-04-05,11:02:32,Breakfast,bk,"[('Coffee', 4), ('Cereal', 6), ('Pancake', 8)]",350.0,-37.8176281,144.9521256,0,9.106,14.4194268
ORDJ00656,2018-01-12,08:20:16,Breakfast,tp,"[('Eggs', 7), ('Pancake', 1), ('Coffee', 10)]",253.25,-37.8093102,144.9721699,1,9.107,5.7237041
ORDI10971,2018-04-14,11:22:49,Breakfast,NS,"[('Cereal', 3), ('Eggs', 5), ('Coffee', 8)]",233.0,-37.8180467,144.9944995,0,9.631,17.0571084
ORDC05788,2018-04-23,11:43:05,Breakfast,tp,"[('Pancake', 6), ('Cereal', 2), ('Coffee', 8)]",247.5,-37.8188479,144.9532874,0,9.238,14.1938936
ORDX03030,2018-01-30,08:50:42,Breakfast,BK,"[('Pancake', 7), ('Eggs', 6), ('Cereal', 1), ('Coffee', 10)]",397.75,-37.8048947,144.9912345,1,5.365,10.1141957
ORDX07700,2018-01-20,08:30:25,Breakfast,BK,"[('Coffee', 4), ('Cereal', 5), ('Eggs', 3), ('Pancake', 5)]",934.8,-37.8046747,144.9756311,0,6.695,14.4353301
ORDA07401,2018-12-18,19:39:43,Dinner,BK,"[('Salmon', 7), ('Pasta', 1), ('Shrimp', 2), ('Fish&Chips', 5)]",597.5,-37.8086915,144.9467168,1,9.058,15.9052943
ORDJ07127,2018-19-04,11:32:57,Breakfast,TP,"[('Cereal', 3), ('Eggs', 8), ('Coffee', 1), ('Pancake', 1)]",270.75,-37.8152153,144.9749471,0,8.451,11.079072
ORDI06931,2018-10-16,17:27:53,Dinner,NS,"[('Eggs', 3), ('Fish&Chips', 9)]",438.0,-37.8233786,144.994316,0,10.028,16.0688466
ORDK00398,2018-04-02,11:02:32,Breakfast,BK,"[('Coffee', 8), ('Pancake', 3), ('Eggs', 5), ('Cereal', 3)]",305.75,-37.8138344,144.957367,0,8.139,13.3006406
ORDX04918,07-09-2018,16:16:54,Dinner,BK,"[('Fish&Chips', 9), ('Salmon', 10), ('Shrimp', 1), ('Pasta', 5)]",916.5,-37.8209323,144.9766693,0,7.265,14.3398681
ORDB04416,2018-01-24,08:40:33,Breakfast,TP,"[('Cereal', 5), ('Eggs', 5)]",707.0,-37.8080896,144.9342439,0,10.703,12.8457945
ORDJ06028,2018-02-05,09:00:50,Breakfast,TP,"[('Eggs', 1), ('Pancake', 8), ('Cereal', 7)]",363.0,-37.8073498,144.9569726,0,6.181,12.3140207
ORDY11097,2018-10-18,17:38:01,Lunch,TP,"[('Salmon', 5), ('Fish&Chips', 4), ('Pasta', 7), ('Shrimp', 1)]",591.5,-37.8021809,144.9487348,0,10.112,14.5957959
ORDY10766,2018-07-28,14:55:46,Lunch,TP,"[('Salad', 2), ('Burger', 2), ('Steak', 7), ('Fries', 5), ('Chicken', 1)]",503.4,-37.7973464,144.9689413,0,10.259,15.2937863
ORDC07746,2018-06-30,13:54:55,Dinner,NS,"[('Chicken', 7), ('Burger', 2), ('Salad', 6), ('Steak', 9)]",794.2,-37.8109485,144.9389868,0,9.724,17.1970783
ORDY03013,2018-09-11,16:27:02,Dinner,TP,"[('Fish&Chips', 9), ('Pasta', 6), ('Pancake', 4), ('Shrimp', 4)]",860.0,-37.8089655,144.9664333,0,8.848,13.1741876
ORDX04803,2018-10-02,17:07:36,Dinner,BK,"[('Pasta', 10), ('Salmon', 8)]",603.0,-37.8245751,144.9528366,0,8.848,15.7424174
ORDX00568,2018-07-16,14:25:21,Lunch,BK,"[('Burger', 9), ('Salad', 8), ('Fries', 2), ('Steak', 3)]",575.6,-37.8010046,145.0144797,0,6.181,10.6680606
ORDZ00027,2018-29-01,08:50:42,Breakfast,NS,"[('Eggs', 4), ('Coffee', 10), ('Cereal', 2), ('Pancake', 9)]",423.25,-37.8050836,144.9479156,0,8.639,13.3525408
ORDA02831,2018-24-12,19:49:51,Dinner,BK,"[('Pasta', 8), ('Shrimp', 9), ('Salmon', 10)]",1116.0,-37.8191051,145.0037948,0,4.548,11.119339
ORDB02311,2018-03-15,10:21:58,Breakfast,TP,"[('Eggs', 4), ('Cereal', 8), ('Pancake', 2)]",304.5,-37.81875,144.983448,0,9.111,11.549249
ORDC09831,2018-01-05,08:00:00,Breakfast,NS,"[('Eggs', 1), ('Coffee', 5), ('Salad', 3)]",122.5,-37.8123899,144.9369329,1,10.134,7.7126237
ORDI10950,2018-08-11,15:16:03,Lunch,NS,"[('Fries', 6), ('Fish&Chips', 5), ('Burger', 9), ('Steak', 4)]",617.0,-37.8012686,144.9637056,0,6.79,13.7509947
ORDZ03822,2018-05-27,12:43:56,Lunch,NS,"[('Fries', 10), ('Salad', 8), ('Chicken', 2), ('Steak', 1)]",366.6,-37.8248384,144.9913285,0,9.727,17.4135964
ORDA02263,2018-01-17,08:30:25,Breakfast,BK,"[('Pancake', 4), ('Shrimp', 9), ('Coffee', 5)]",332.5,-37.8097706,144.9300462,1,11.327,8.6180135
ORDC06161,2018-06-22,13:44:47,Lunch,NS,"[('Chicken', 6), ('Fries', 6), ('Burger', 8), ('Steak', 6)]",81.5,-37.8103201,145.0147918,0,10.789,16.256273
ORDJ00535,2018-06-26,13:44:47,Lunch,TP,"[('Salad', 3), ('Chicken', 10)]",371.6,-37.8257466,144.9844918,0,8.934,12.4621709
ORDI01350,2018-11-27,18:59:09,Dinner,NS,"[('Salmon', 6), ('Pasta', 4), ('Fish&Chips', 2), ('Shrimp', 9)]",912.0,-37.8165505,145.0093423,0,4.633,16.7742226
ORDJ10864,2018-04-27,11:53:14,Breakfast,TP,"[('Cereal', 2), ('Eggs', 3), ('Coffee', 10)]",183.0,-37.8233026,144.9680038,0,6.797,11.1268026
ORDY09531,2018-05-04,12:03:22,Lunch,TP,"[('Chicken', 10), ('Burger', 1), ('Steak', 1), ('Fries', 2)]",420.0,-37.8007693,144.9952303,0,7.581,14.6053301
ORDC00751,2018-03-03,10:01:41,Breakfast,NS,"[('Cereal', 9), ('Coffee', 1)]",196.5,-37.8241503,144.990489,1,9.684,16.644538
ORDA08937,2018-10-09,17:17:44,Dinner,BK,"[('Pasta', 2), ('Shrimp', 2), ('Salmon', 4), ('Fish&Chips', 4)]",467.0,-37.8123325,144.9519667,0,8.618,16.1350448
ORDJ03178,2018-07-04,14:05:04,Lunch,TP,"[('Steak', 7), ('Fries', 4)]",525.0,-37.8041384,145.0021403,0,11.732,14.3497471
ORDA03599,2018-12-12,19:29:34,Dinner,BK,"[('Fish&Chips', 5), ('Salmon', 7), ('Pasta', 10)]",737.0,-37.814255,144.9657798,0,7.699,14.9027277
ORDJ04126,2018-03-20,10:32:06,Breakfast,TP,"[('Pancake', 8), ('Cereal', 8)]",362.0,-37.8119285,144.9594584,0,8.575,10.4673519
ORDB02151,2018-05-30,12:54:05,Lunch,TP,"[('Fries', 10), ('Burger', 5), ('Chicken', 3), ('Salad', 2), ('Steak', 5)]",630.4,-37.8207976,145.0164148,0,12.915,15.7758465
ORDC09401,2018-05-23,12:43:56,Lunch,NS,"[('Chicken', 3), ('Steak', 8), ('Salad', 10)]",628.0,-37.8151172,144.9840884,0,8.609,14.0483592
ORDJ08371,2018-12-23,19:49:51,Dinner,TP,"[('Salmon', 6), ('Shrimp', 4), ('Fish&Chips', 2)]",680.0,-37.8126121,144.9674441,0,8.492,14.0562123
ORDC06941,2018-09-26,16:57:27,Dinner,NS,"[('Fish&Chips', 8), ('Shrimp', 4), ('Pasta', 9), ('Salmon', 2)]",825.5,-37.8234406,144.9783548,0,8.916,14.8794228
ORDY05761,2018-05-31,12:54:05,Lunch,TP,"[('Steak', 3), ('Pancake', 1), ('Burger', 2), ('Salad', 5)]",315.0,-37.803023,144.9679516,0,9.612,12.8878735
ORDB00276,2018-02-10,09:10:59,Breakfast,TP,"[('Pancake', 5), ('Cereal', 10)]",222.5,-37.8090317,144.9662126,0,8.826,13.0927699
ORDJ00840,2018-12-24,19:49:51,Dinner,TP,"[('Salmon', 3), ('Pasta', 4)]",233.0,-37.8163362,144.9669196,0,8.16,12.6026858
ORDJ07412,02-11-2018,18:08:27,Dinner,TP,"[('Fish&Chips', 6), ('Salmon', 2)]",292.0,-37.8276586,144.9858855,0,9.618,13.4157054
ORDY05571,2018-04-19,11:32:57,Breakfast,bk,"[('Pancake', 1), ('Coffee', 9), ('Cereal', 6)]",217.75,-37.813274,144.9737564,0,8.622,11.578556
ORDI01787,2018-05-12,12:13:31,Lunch,NS,"[('Fries', 2), ('Burger', 5)]",179.0,-37.8009807,144.9577199,0,7.343,15.2085464
ORDB07798,2018-02-28,09:51:32,Lunch,TP,"[('Pancake', 2), ('Eggs', 8), ('Cereal', 9), ('Coffee', 8)]",473.5,-37.8063862,144.9323324,0,10.982,13.8218001
ORDZ08877,2018-11-09,18:18:35,Dinner,NS,"[('Shrimp', 8), ('Salmon', 4), ('Pasta', 3)]",678.5,37.803444,145.0109935,0,10.017,16.3954234
ORDZ01637,2018-03-12,10:11:49,Breakfast,NS,"[('Coffee', 2), ('Pancake', 2)]",63.5,-37.8180086,144.9459158,0,9.512,14.5246909
ORDZ01393,2018-08-10,15:16:03,Lunch,NS,"[('Fries', 4), ('Burger', 1), ('Chicken', 9)]",367.0,37.8178559,144.952689,0,10.588,15.9824945
ORDA05701,2018-03-04,10:01:41,Breakfast,BK,"[('Cereal', 9), ('Coffee', 4)]",219.0,37.8241224,144.9362807,0,10.563,17.7376129
ORDB02030,2018-12-20,19:39:43,Dinner,TP,"[('Shrimp', 6), ('Pasta', 10), ('Fish&Chips', 1)]",353.8,-37.8145925,144.9597224,0,8.453,12.7181464
ORDJ04063,2018-02-14,09:21:07,Breakfast,TP,"[('Coffee', 2), ('Pancake', 7), ('Eggs', 6), ('Cereal', 8)]",484.75,-37.8257403,144.9816691,0,8.921,11.5730635
ORDZ05865,2018-04-14,11:22:49,Breakfast,NS,"[('Cereal', 7), ('Eggs', 6), ('Coffee', 8), ('Pancake', 4)]",492.75,-37.8179899,144.9935827,0,9.552,16.5361976
ORDA10216,08-09-2018,16:16:54,Dinner,BK,"[('Salmon', 5), ('Fish&Chips', 10)]",555.0,-37.8009652,145.0120164,0,4.511,13.7531876
ORDZ07483,2018-03-18,10:32:06,Breakfast,NS,"[('Cereal', 5), ('Coffee', 4), ('Pancake', 2)]",183.5,-37.8095396,144.9720503,0,10.341,14.2103041
ORDY10761,2018-01-04,08:00:00,Breakfast,TP,"[('Cereal', 6), ('Pancake', 6), ('Eggs', 7)]",425.5,-37.818107,144.966739,1,6.93,4.7492217
ORDY07058,2018-05-20,12:33:48,Dinner,TP,"[('Chicken', 3), ('Steak', 6), ('Salad', 3)]",417.6,-37.7991687,144.9729061,0,10.235,14.5826205
ORDJ02382,2018-05-10,12:13:31,Lunch,TP,"[('Steak', 9), ('Chicken', 3)]",501.0,37.8015088,144.9638554,0,9.585,13.1702301
ORDX02229,2018-03-17,10:21:58,Breakfast,BK,"[('Coffee', 10), ('Cereal', 9)]",264.0,-37.823242,144.9881207,0,11.732,13.865603
ORDI00066,2018-02-23,09:41:24,Breakfast,NS,"[('Cereal', 4), ('Pancake', 5)]",205.25,-37.8147838,144.9377043,0,9.839,14.4394014
ORDZ05849,2018-11-04,18:08:27,Dinner,NS,"[('Shrimp', 9), ('Coffee', 4)]",626.0,-37.8114653,144.9528619,0,8.475,16.5474063
ORDK06931,2018-04-29,11:53:14,Breakfast,BK,"[('Cereal', 6), ('Eggs', 9), ('Coffee', 3)]",346.5,-37.8075969,144.943248,0,9.394,16.869098
ORDZ01069,2018-03-23,10:32:06,Breakfast,NS,"[('Cereal', 5), ('Coffee', 9), ('Pancake', 9)]",390.75,-37.8004816,144.95821,0,7.294,11.8996581
ORDJ04369,11-10-2018,17:17:44,Dinner,TP,"[('Fish&Chips', 1), ('Shrimp', 9), ('Salmon', 8)]",849.0,-37.8120372,144.953404,0,8.948,12.2987851
ORDI08882,2018-02-06,09:10:59,Breakfast,NS,"[('Eggs', 4), ('Pancake', 8)]",282.0,-37.8220996,144.9382293,0,10.591,15.7117521
ORDY04400,2018-06-03,13:04:13,Lunch,TP,"[('Salad', 3), ('Burger', 4), ('Chicken', 8)]",431.6,-37.8252784,144.9569922,0,8.092,12.695531
ORDJ02914,2018-04-21,11:32:57,Breakfast,TP,"[('Coffee', 5), ('Cereal', 2)]",79.5,144.9696927,-37.8201013,0,7.713,12.0018628
ORDK00353,07-11-2018,18:18:35,Dinner,BK,"[('Salmon', 6), ('Pasta', 10), ('Shrimp', 2)]",629.0,-37.8112471,144.9619299,0,7.653,14.9642785
ORDA10405,2018-08-16,15:26:11,Lunch,BK,"[('Burger', 1), ('Steak', 1), ('Fries', 3), ('Chicken', 3)]",438.0,-37.8109953,145.000582,0,4.119,9.9245126
ORDI03185,2018-06-04,13:04:13,Lunch,NS,"[('Salad', 3), ('Fries', 7)]",135.6,-37.8040711,144.9990313,0,7.822,14.7681815
ORDI00111,2018-03-22,10:32:06,Breakfast,NS,"[('Eggs', 5), ('Pancake', 2)]",158.5,-37.8002297,144.9550618,1,7.595,12.2085051
ORDX03136,2018-03-24,10:42:15,Breakfast,BK,"[('Eggs', 5), ('Pancake', 1), ('Cereal', 10)]",344.25,-37.8191823,144.9850962,0,6.228,13.3306749
ORDC01741,2018-12-26,19:49:51,Dinner,NS,"[('Fish&Chips', 5), ('Salmon', 6), ('Pasta', 2)]",476.0,-37.8038968,144.9633072,0,7.07,13.138858
ORDY03670,2018-07-30,14:55:46,Lunch,TP,"[('Steak', 1), ('Chicken', 4), ('Salad', 9), ('Fries', 9), ('Burger', 3)]",528.8,-37.8121007,144.9739438,0,8.787,12.1610765
ORDY05225,2018-03-30,10:52:23,Breakfast,TP,"[('Pancake', 9), ('Coffee', 2)]",233.25,-37.8171853,144.9645447,0,7.663,10.8382666
ORDJ02132,2018-02-02,09:00:50,Breakfast,TP,"[('Eggs', 10), ('Cereal', 6), ('Pancake', 2), ('Coffee', 2)]",663.0,-37.8170456,144.9532158,0,8.616,11.5217418
ORDY03624,2018-12-01,19:09:17,Dinner,TP,"[('Salmon', 8), ('Pasta', 1)]",221.0,-37.799564,144.9624658,0,9.813,15.5266694
ORDC02975,2018-07-11,14:15:12,Lunch,NS,"[('Chicken', 3), ('Fries', 6)]",168.0,-37.8179454,144.9934471,0,9.539,15.3410409
ORDA05421,2018-08-20,15:36:20,Lunch,BK,"[('Fries', 9), ('Steak', 8), ('Chicken', 6), ('Burger', 6), ('Salad', 5)]",932.0,-37.8014312,144.9797686,0,6.737,12.8126301
ORDX09655,2018-11-22,18:49:00,Lunch,BK,"[('Shrimp', 5), ('Pasta', 3), ('Fish&Chips', 3)]",457.5,-37.8114012,144.9732163,0,6.797,13.8159854
ORDY01384,2018-07-11,14:15:12,Lunch,TP,"[('Burger', 1), ('Steak', 2), ('Chicken', 10), ('Fries', 1), ('Salad', 9)]",607.8,-37.8166139,145.0057327,0,11.299,14.3285736
ORDC02856,2018-11-28,18:59:09,Dinner,NS,"[('Shrimp', 4), ('Pasta', 7)]",408.5,-37.809585,144.9726723,0,7.282,13.1997517
ORDB08924,2018-10-25,17:48:10,Dinner,TP,"[('Fish&Chips', 5), ('Shrimp', 2), ('Pasta', 9), ('Salmon', 8)]",858.5,37.8077662,144.9698506,0,9.197,13.6339433
ORDC07218,2018-08-08,15:16:03,Lunch,NS,"[('Steak', 2), ('Chicken', 9), ('Burger', 9)]",657.0,-37.799307,144.9631136,0,6.89,12.3132077
ORDI09155,2018-06-20,13:34:38,Breakfast,NS,"[('Steak', 2), ('Chicken', 7), ('Burger', 3), ('Fries', 1)]",419.0,-37.8041915,144.9492157,0,8.414,13.3749208
ORDI09841,2018-07-10,14:15:12,Lunch,tp,"[('Burger', 2), ('Salad', 3), ('Fries', 5), ('Steak', 4), ('Chicken', 3)]",449.6,-37.801308,144.9742145,0,6.455,11.7445987
ORDB02966,2018-11-02,18:08:27,Dinner,TP,"[('Pasta', 3), ('Shrimp', 8), ('Fish&Chips', 9)]",829.5,-37.8184296,144.9688448,0,7.915,12.2374188
ORDJ04434,2018-03-14,10:21:58,Breakfast,TP,"[('Eggs', 2), ('Coffee', 3), ('Pancake', 6), ('Cereal', 5)]",317.0,-37.8166344,144.966435,0,7.822,11.1808895
ORDY08983,2018-01-08,08:10:08,Breakfast,TP,"[('Cereal', 9), ('Eggs', 8), ('Pancake', 4), ('Coffee', 5)]",499.5,-37.809026,144.9816284,1,9.562,5.5695846
ORDZ00329,2018-07-16,14:25:21,Lunch,NS,"[('Chicken', 3), ('Salad', 4), ('Cereal', 10)]",614.8,-37.8010812,145.0146905,0,10.401,15.7175768
ORDX06905,2018-06-16,13:24:30,Lunch,BK,"[('Chicken', 1), ('Steak', 3), ('Salad', 5)]",253.0,-37.8117797,144.9988291,0,4.33,12.3452415
ORDK02353,2018-05-07,12:03:22,Lunch,BK,"[('Burger', 1), ('Salad', 10), ('Steak', 4), ('Fries', 7)]",467.0,-37.8217376,144.9367746,0,8.639,16.4864387
ORDC09907,2018-01-31,09:00:50,Breakfast,NS,"[('Cereal', 3), ('Pancake', 2), ('Eggs', 4), ('Coffee', 8)]",259.5,-37.8215556,144.9839245,0,9.137,14.2950558
ORDJ08420,2018-09-27,16:57:27,Dinner,TP,"[('Pasta', 6), ('Shrimp', 6), ('Salmon', 10), ('Fish&Chips', 8)]",1179.0,37.8078182,144.9437606,0,10.023,14.2392964
ORDX09122,2018-01-26,08:50:42,Breakfast,BK,"[('Coffee', 4), ('Cereal', 1), ('Eggs', 2), ('Pancake', 3)]",167.75,-37.8105624,144.9364836,0,10.107,14.84345
ORDJ04523,2018-03-02,09:51:32,Dinner,TP,"[('Cereal', 2), ('Pancake', 9), ('Eggs', 3)]",326.25,-37.8182775,144.9933897,0,10.038,12.5917409
ORDJ09093,2018-04-02,10:52:23,Breakfast,TP,"[('Cereal', 10), ('Pancake', 1), ('Eggs', 8), ('Coffee', 2)]",425.25,-37.8152207,144.9522229,0,8.844,11.7866397
ORDI07394,2018-06-21,13:34:38,Lunch,bk,"[('Chicken', 6), ('Fries', 10), ('Steak', 4), ('Burger', 3)]",585.0,-37.8164963,144.9458666,0,9.297,14.6642173
ORDY00291,2018-06-25,13:44:47,Lunch,TP,"[('Fries', 8), ('Salad', 9)]",1452.5,-37.824325,144.9844744,0,8.945,12.3330537
ORDJ07924,2018-01-23,08:40:33,Breakfast,TP,"[('Coffee', 5), ('Eggs', 1)]",59.5,-37.7874421,144.9804091,1,11.63,14.2176009
ORDA10469,2018-06-15,13:24:30,Dinner,BK,"[('Steak', 3), ('Fries', 8), ('Burger', 8), ('Chicken', 3), ('Salad', 4)]",643.8,-37.815448,144.9665703,0,7.52,13.6692638
ORDK06116,2018-07-14,14:25:21,Lunch,BK,"[('Chicken', 8), ('Burger', 4), ('Salad', 1)]",397.2,-37.8103472,144.9836492,0,5.692,14.0473983
ORDJ01982,2018-02-01,09:00:50,Breakfast,TP,"[('Coffee', 8), ('Pancake', 4), ('Eggs', 9), ('Cereal', 3)]",418.0,-37.8205809,144.9791177,0,8.371,11.8521073
ORDK06032,2018-04-25,11:43:05,Breakfast,BK,"[('Coffee', 4), ('Eggs', 6)]",162.0,144.9488639,-37.8144265,0,9.539,14.3667468
ORDZ09922,2018-04-13,11:22:49,Breakfast,NS,"[('Eggs', 4), ('Coffee', 4), ('Cereal', 7), ('Pancake', 9)]",483.25,-37.8025084,144.9477412,0,10.003,13.2126348
ORDC05688,2018-06-27,13:54:55,Lunch,NS,"[('Steak', 8), ('Salad', 3), ('Chicken', 10), ('Burger', 8), ('Fries', 1)]",991.6,37.8041355,144.9177199,0,11.44,17.1365849
ORDK09132,2018-08-07,15:16:03,Lunch,BK,"[('Chicken', 4), ('Burger', 8)]",376.0,-37.8164477,144.9670737,0,7.453,13.7731676
ORDB07187,2018-07-22,14:35:29,Lunch,TP,"[('Steak', 10), ('Salad', 8), ('Fries', 1)]",599.6,37.8128849,144.9902645,0,10.058,14.8869104
ORDY00401,2018-06-06,13:04:13,Dinner,TP,"[('Burger', 10), ('Fries', 8), ('Salad', 7)]",526.4,-37.8170306,144.9534284,0,8.595,12.6265678
ORDI02547,2018-25-09,16:47:19,Dinner,NS,"[('Pasta', 10), ('Fish&Chips', 3), ('Shrimp', 6)]",704.0,-37.8157926,144.9733955,0,7.977,13.7508505
ORDY10930,2018-06-08,13:14:21,Lunch,TP,"[('Fries', 8), ('Steak', 3), ('Chicken', 3)]",327.0,-37.8041056,144.9490866,0,9.847,13.1955697
ORDZ10019,2018-09-23,16:47:19,Dinner,NS,"[('Salmon', 3), ('Shrimp', 9), ('Fish&Chips', 3), ('Pasta', 3)]",796.5,-37.8141146,144.9388239,0,10.136,18.0389568
ORDI07095,2018-01-20,08:30:25,Breakfast,NS,"[('Coffee', 5), ('Pancake', 8)]",231.5,-37.804566,144.9774159,0,10.42,13.9570948
ORDJ00229,2018-01-24,08:40:33,Breakfast,TP,"[('Cereal', 5), ('Coffee', 7), ('Eggs', 4), ('Pancake', 10)]",162.5,-37.8068271,144.9548986,0,9.266,11.9233926
ORDJ05231,2018-06-19,13:34:38,Lunch,TP,"[('Fries', 3), ('Salad', 8), ('Burger', 6)]",359.6,-37.8248651,145.007333,0,11.041,13.6912885
ORDJ07982,2018-06-08,13:14:21,Lunch,TP,"[('Fries', 9), ('Burger', 2), ('Steak', 8), ('Chicken', 5)]",690.0,-37.8040866,144.9508656,0,9.798,13.1376835
ORDZ09114,2018-12-18,19:39:43,Dinner,NS,"[('Shrimp', 7), ('Salmon', 5), ('Fish&Chips', 9), ('Pasta', 9)]",1145.5,-37.8100542,144.9476531,1,8.914,15.0824944
ORDB01553,2018-04-03,11:02:32,Breakfast,TP,"[('Pancake', 7), ('Cereal', 2), ('Eggs', 3)]",277.75,-37.8121665,144.9880695,1,9.795,12.1951922
ORDA04303,2018-03-09,10:11:49,Breakfast,BK,"[('Eggs', 1), ('Coffee', 10), ('Pancake', 2), ('Cereal', 9)]",334.5,-37.8231665,144.9761411,0,7.363,12.217855
ORDJ00301,2018-08-25,15:46:28,Breakfast,TP,"[('Chicken', 7), ('Steak', 7)]",539.0,-37.8053799,144.9372176,0,10.71,15.2234164
ORDK05239,2018-03-25,10:42:15,Breakfast,BK,"[('Pancake', 5), ('Cereal', 10), ('Eggs', 1)]",791.8,-37.814917,144.9452473,0,9.136,16.6869296
ORDJ05023,2018-11-30,18:59:09,Dinner,TP,"[('Shrimp', 5), ('Salmon', 5), ('Fish&Chips', 6)]",685.0,-37.8053361,144.9732443,0,9.546,14.2301787
ORDX01032,2018-10-30,17:58:18,Dinner,BK,"[('Shrimp', 1), ('Pasta', 7), ('Fish&Chips', 2), ('Salmon', 9)]",685.5,-37.8016529,144.957383,0,8.203,14.9286833
ORDX09640,2018-09-23,16:47:19,Dinner,tp,"[('Salmon', 1), ('Shrimp', 10)]",581.0,-37.8170785,145.0092574,0,4.011,13.1762859
ORDY04355,2018-01-08,08:10:08,Breakfast,TP,"[('Coffee', 6), ('Eggs', 5), ('Pancake', 5)]",276.25,-37.8094081,144.981048,1,9.466,6.0407249
ORDK10434,2018-04-12,11:22:49,Breakfast,BK,"[('Steak', 10), ('Pancake', 8), ('Coffee', 5)]",441.5,-37.8000629,144.9321884,0,10.488,15.8164966
ORDX04124,2018-08-15,15:26:11,Lunch,BK,"[('Fries', 2), ('Salad', 10), ('Steak', 1), ('Chicken', 5), ('Burger', 2)]",463.0,-37.8065092,144.9412737,0,8.064,15.3299838
ORDY09648,2018-12-08,19:19:26,Dinner,NS,"[('Pasta', 5), ('Fish&Chips', 6)]",347.5,-37.8195834,144.9518962,0,8.619,14.2371579
ORDI09409,2018-09-03,16:06:45,Dinner,NS,"[('Salmon', 7), ('Shrimp', 9), ('Fish&Chips', 1)]",808.0,-37.8071992,144.9775117,0,7.438,13.4409948
ORDK00832,2018-22-02,09:41:24,Breakfast,BK,"[('Cereal', 1), ('Eggs', 5), ('Pancake', 8)]",325.0,-37.8086785,144.9578587,0,7.954,13.5003702
ORDZ04458,2018-02-07,09:10:59,Breakfast,NS,"[('Eggs', 4), ('Coffee', 7), ('Burger', 5)]",245.5,-37.8000013,144.9800011,0,7.059,12.1541196
ORDZ08893,2018-03-13,10:21:58,Breakfast,NS,"[('Coffee', 7), ('Pancake', 8), ('Eggs', 7)]",400.5,-37.8252749,144.9817565,0,9.546,14.7038608
ORDI06633,2018-03-24,10:42:15,Lunch,NS,"[('Coffee', 5), ('Pancake', 9)]",255.75,-37.8181639,144.9257187,0,10.084,16.8007068
ORDC06862,2018-01-14,08:20:16,Breakfast,NS,"[('Pancake', 7), ('Coffee', 10), ('Eggs', 8), ('Cereal', 7)]",567.75,-37.8052525,144.9260628,1,10.777,8.8906988
ORDI08055,2018-09-05,16:06:45,Dinner,NS,"[('Shrimp', 2), ('Fish&Chips', 6)]",318.0,-37.8151161,144.927561,0,10.757,16.7160652
ORDI04286,2018-05-13,12:23:39,Lunch,NS,"[('Chicken', 4), ('Salad', 2), ('Steak', 6), ('Fries', 6), ('Burger', 9)]",783.4,-37.8116119,144.986092,0,8.468,15.7402339
ORDX08450,2018-11-27,18:59:09,Dinner,bk,"[('Pasta', 4), ('Salmon', 1)]",151.0,-37.8191918,144.9847408,0,6.343,13.0606534
ORDI05306,2018-01-23,08:40:33,Breakfast,NS,"[('Cereal', 5), ('Pancake', 10)]",347.5,-37.8190877,144.9541423,0,9.191,14.0688353
ORDA02530,2018-08-08,15:16:03,Lunch,BK,"[('Salad', 3), ('Burger', 6)]",237.6,-37.8129746,144.9350314,0,10.639,16.893939
ORDC05801,2018-04-17,11:32:57,Breakfast,NS,"[('Pancake', 3), ('Eggs', 2), ('Coffee', 9), ('Cereal', 3)]",873.5,-37.8152271,144.9748537,0,7.893,12.9634146
ORDJ00088,2018-07-10,14:15:12,Lunch,TP,"[('Steak', 4), ('Fries', 5)]",240.0,-37.8245586,144.984718,1,8.901,12.617136
ORDK05055,2018-02-10,09:10:59,Breakfast,BK,"[('Pancake', 2), ('Cereal', 2), ('Coffee', 5)]",128.0,-37.8023845,144.9811728,0,6.731,14.028952
ORDC09994,2018-04-01,10:52:23,Breakfast,NS,"[('Cereal', 10), ('Pancake', 1)]",234.25,-37.8189792,144.9625458,1,8.739,15.5497395
ORDX03911,2018-08-25,15:46:28,Lunch,BK,"[('Burger', 3), ('Steak', 4)]",273.0,-37.8176751,144.9685703,0,7.794,16.7931225
ORDA02427,2018-10-28,17:58:18,Dinner,BK,"[('Shrimp', 3), ('Pasta', 6), ('Salmon', 5), ('Fish&Chips', 5)]",707.0,-37.8196493,144.9616537,0,8.026,17.0189013
ORDK10504,2018-01-12,08:20:16,Breakfast,BK,"[('Cereal', 9), ('Coffee', 9), ('Pancake', 3)]",329.25,-37.8165923,144.9839276,0,6.191,5.6317179
ORDB10712,2018-06-06,13:04:13,Lunch,TP,"[('Burger', 4), ('Chicken', 3)]",397.75,-37.8039646,145.0033097,0,11.861,14.8006478
ORDC04839,2018-09-06,16:06:45,Breakfast,NS,"[('Shrimp', 10), ('Fish&Chips', 4)]",680.0,-37.808497,144.9767555,0,7.414,13.384357
ORDC01390,2018-01-01,08:00:00,Breakfast,NS,"[('Eggs', 6), ('Coffee', 1), ('Pancake', 7)]",309.25,-37.8078848,144.9577193,1,7.994,6.2665531
ORDK03498,2018-10-28,17:58:18,Dinner,BK,"[('Salmon', 8), ('Fish&Chips', 8), ('Pasta', 2)]",663.0,-37.8093704,144.9484582,0,8.92,18.3958894
ORDI03401,2018-03-09,10:11:49,Breakfast,bk,"[('Pancake', 9), ('Coffee', 1), ('Eggs', 9), ('Cereal', 10)]",633.75,-37.8002879,144.9367364,0,10.082,14.6998774
ORDI05354,2018-06-27,13:54:55,Lunch,NS,"[('Chicken', 9), ('Salad', 3)]",339.6,-37.8249605,144.9848557,0,9.511,14.5343602
ORDX07050,2018-05-29,12:54:05,Lunch,BK,"[('Fries', 4), ('Steak', 3), ('Chicken', 2), ('Burger', 2), ('Salad', 2)]",343.4,-37.8166359,144.9875739,0,5.834,11.8228174
ORDC04856,2018-09-07,16:16:54,Dinner,NS,"[('Pasta', 6), ('Fries', 6), ('Shrimp', 4)]",591.0,-37.820534,144.9772392,0,8.843,15.3537888
ORDZ10020,2018-07-18,14:35:29,Lunch,NS,"[('Steak', 4), ('Fries', 9), ('Salad', 4)]",356.8,-37.8122109,144.9683463,0,7.795,13.0993976
ORDX08649,2018-12-22,19:49:51,Dinner,TP,"[('Shrimp', 8), ('Fish&Chips', 4)]",572.0,-37.8180118,144.9480948,0,9.182,18.3685333
ORDZ00973,2018-12-29,20:00:00,Dinner,NS,"[('Shrimp', 9), ('Pasta', 3), ('Fish&Chips', 1)]",603.5,37.8133046,144.9713194,0,7.716,15.153195
ORDK09623,2018-02-15,09:21:07,Breakfast,BK,"[('Coffee', 1), ('Eggs', 7), ('Pancake', 5)]",282.75,-37.813108,145.0048491,0,3.916,8.6410797
ORDK01660,2018-06-21,13:34:38,Lunch,BK,"[('Fries', 1), ('Chicken', 1), ('Salad', 7)]",164.4,-37.7997319,144.9636806,0,8.092,13.9579398
ORDJ08379,2018-07-14,14:25:21,Lunch,TP,"[('Burger', 4), ('Steak', 5), ('Salad', 3), ('Fries', 2)]",424.6,-37.8165434,145.0057526,0,11.301,16.1707689
ORDI04443,2018-04-11,11:12:40,Breakfast,NS,"[('Cereal', 5), ('Eggs', 6)]",387.0,-37.824005,144.9559912,0,10.215,15.5622561
ORDC08165,01-08-2018,14:55:46,Lunch,NS,"[('Steak', 10), ('Salad', 5)]",536.0,-37.8033524,144.9499935,0,8.355,13.7639745
ORDA04719,2018-03-17,10:21:58,Breakfast,BK,"[('Coffee', 6), ('Pancake', 2), ('Cereal', 6)]",219.5,-37.8075566,144.9707945,0,7.085,14.1070782
ORDY07214,2018-07-13,14:25:21,Lunch,TP,"[('Fries', 6), ('Steak', 10), ('Burger', 10)]",832.0,-37.8164586,145.0041641,0,11.153,14.5235561
ORDI09341,2018-02-13,09:21:07,Breakfast,NS,"[('Shrimp', 10), ('Eggs', 2)]",119.0,-37.8040737,144.9827659,0,7.456,11.4725647
ORDA04202,2018-10-31,17:58:18,Dinner,BK,"[('Pasta', 2), ('Salmon', 10), ('Fish&Chips', 5)]",390.0,-37.8119833,144.9614346,0,7.773,14.7882046
ORDI05542,2018-06-26,13:44:47,Lunch,NS,"[('Steak', 2), ('Chicken', 8)]",346.0,-37.8256873,144.9845548,0,9.55,15.0467783
ORDC01081,2018-11-21,18:38:52,Dinner,NS,"[('Pasta', 10), ('Fish&Chips', 8), ('Shrimp', 9), ('Salmon', 10)]",1451.0,37.8078065,144.9827549,0,7.801,13.9485576
ORDC08245,2018-07-24,14:45:38,Lunch,NS,"[('Steak', 1), ('Chicken', 4), ('Burger', 7)]",390.0,37.8176728,144.969795,0,8.6,14.0691804
ORDZ08696,2018-10-06,17:07:36,Dinner,NS,"[('Salmon', 7), ('Shrimp', 10)]",827.0,-37.8061059,144.9659244,0,7.015,14.9839215
ORDJ01628,2018-09-01,16:06:45,Breakfast,TP,"[('Salmon', 2), ('Pasta', 8), ('Shrimp', 3), ('Fish&Chips', 7)]",709.0,-37.8164028,144.9552605,0,8.425,14.1314616
ORDZ04786,2018-11-26,18:59:09,Dinner,NS,"[('Pasta', 5), ('Salmon', 7), ('Shrimp', 5), ('Fish&Chips', 9)]",1009.5,-37.823198,144.9662076,0,9.089,16.0615853
ORDI05793,2018-06-12,13:24:30,Lunch,NS,"[('Fries', 2), ('Salad', 5), ('Burger', 5)]",265.0,-37.8031406,144.9459879,0,8.678,14.2058811
ORDJ02178,2018-08-28,15:56:37,Lunch,TP,"[('Salad', 8), ('Cereal', 10), ('Burger', 3)]",550.6,-37.8018093,144.9802776,0,10.189,13.9127001
ORDJ01692,2018-02-14,09:21:07,Breakfast,TP,"[('Eggs', 5), ('Pancake', 10), ('Coffee', 7), ('Cereal', 7)]",552.0,-37.8254576,144.9763005,0,8.421,10.5815186
ORDY00987,2018-06-24,13:44:47,Lunch,TP,"[('Salad', 2), ('Fries', 1)]",46.4,37.8253674,144.9828141,0,8.954,13.7264103
ORDX11021,2018-11-18,18:38:52,Dinner,BK,"[('Shrimp', 5), ('Salmon', 3), ('Coffee', 7), ('Pasta', 7)]",830.5,-37.814141,144.9918918,0,5.392,14.5510058
ORDA08675,2018-05-14,12:23:39,Lunch,BK,"[('Burger', 9), ('Steak', 3), ('Salad', 6), ('Fries', 10), ('Salmon', 8)]",893.2,-37.8068665,144.9644399,0,7.299,13.0227693
ORDJ07364,2018-03-29,10:52:23,Breakfast,bk,"[('Coffee', 4), ('Cereal', 8), ('Eggs', 10)]",418.0,-37.8036711,144.9730463,0,9.809,12.3100315
ORDX08699,2018-04-03,11:02:32,Breakfast,BK,"[('Coffee', 1), ('Pancake', 1), ('Eggs', 4), ('Cereal', 6)]",1009.5,-37.8053507,144.97377,0,6.752,11.6042337
ORDC03333,2018-11-07,18:18:35,Breakfast,NS,"[('Pasta', 9), ('Shrimp', 9), ('Salmon', 9), ('Fish&Chips', 10)]",1452.5,-37.8112471,144.9619299,0,7.719,13.6932559
ORDZ05705,2018-09-27,16:57:27,Dinner,NS,"[('Pasta', 2), ('Shrimp', 3), ('Fish&Chips', 6)]",427.0,-37.8168288,144.9948589,0,9.66,15.2737815
ORDJ08244,2018-12-12,19:29:34,Dinner,TP,"[('Fish&Chips', 7), ('Coffee', 5)]",382.5,-37.8249668,144.9577837,0,8.006,12.4282449
ORDI08788,2018-05-30,12:54:05,Lunch,NS,"[('Chicken', 2), ('Steak', 4), ('Salad', 2), ('Eggs', 10), ('Fries', 5)]",648.4,-37.817954,144.9897831,0,9.271,14.826297
ORDJ00519,2018-10-30,17:58:18,Dinner,TP,"[('Salmon', 8), ('Shrimp', 8)]",760.0,-37.8127477,144.9443217,0,9.74,13.7987726
ORDC04017,2018-02-26,09:51:32,Breakfast,NS,"[('Coffee', 8), ('Eggs', 9), ('Cereal', 1)]",279.0,-37.8096215,144.9636214,0,7.427,12.9748531
ORDK07304,2018-09-24,16:47:19,Dinner,BK,"[('Salmon', 9), ('Shrimp', 4)]",585.0,-37.80204,144.963742,0,7.818,14.9235757
ORDK02119,2018-06-14,13:24:30,Lunch,BK,"[('Steak', 6), ('Chicken', 8), ('Burger', 3), ('Salad', 2), ('Fries', 2)]",677.4,-37.8108985,144.9966202,0,4.487,10.3454821
ORDJ07318,2018-03-29,10:52:23,Breakfast,TP,"[('Pancake', 6), ('Coffee', 10)]",220.5,-37.8023566,144.9577629,0,9.45,11.5767263
ORDX02501,2018-12-16,19:29:34,Dinner,BK,"[('Salmon', 2), ('Pasta', 5), ('Shrimp', 3), ('Fish&Chips', 1)]",416.5,-37.8177227,144.9646588,0,7.714,16.768558
ORDI07822,2018-06-01,12:54:05,Lunch,NS,"[('Burger', 1), ('Steak', 2), ('Chicken', 10), ('Fries', 4), ('Salad', 5)]",575.0,144.9357328,-37.8098909,0,10.039,15.4707361
ORDI05725,2018-10-31,17:58:18,Dinner,NS,"[('Shrimp', 4), ('Pasta', 10)]",491.0,-37.820871,144.9615315,0,9.072,14.8784225
ORDY01148,2018-27-07,14:45:38,Lunch,TP,"[('Chicken', 2), ('Steak', 4), ('Fries', 9)]",352.0,-37.8221722,144.9784874,0,8.545,12.2800824
ORDY00222,2018-11-30,18:59:09,Dinner,TP,"[('Fish&Chips', 6), ('Shrimp', 5)]",480.0,-37.802331,145.0036807,1,12.028,15.4884287
ORDI04187,04-07-2018,14:05:04,Lunch,NS,"[('Chicken', 6), ('Burger', 6), ('Steak', 4), ('Salad', 10)]",730.0,-37.7998166,144.9362469,0,9.3,14.4306084
ORDJ10721,2018-11-23,18:49:00,Dinner,TP,"[('Pasta', 4), ('Shrimp', 8)]",542.0,-37.802433,144.9565755,0,9.514,13.536513
ORDZ08299,2018-10-20,17:38:01,Dinner,NS,"[('Pasta', 1), ('Fish&Chips', 8)]",307.5,-37.8081652,144.9729806,0,7.113,15.8430532
ORDZ10030,2018-03-10,10:11:49,Breakfast,NS,"[('Eggs', 9), ('Cereal', 10)]",408.0,-37.8114931,144.9813197,0,8.05,15.0750396
ORDB05226,2018-10-22,17:38:01,Dinner,TP,"[('Pasta', 4), ('Salmon', 4), ('Shrimp', 8), ('Fish&Chips', 7)]",951.0,37.8026269,144.9819502,0,10.27,14.0471719
ORDZ01848,2018-07-29,14:55:46,Lunch,NS,"[('Steak', 3), ('Fries', 2), ('Salad', 4), ('Burger', 3), ('Chicken', 3)]",416.8,-37.8197198,144.9486245,0,9.631,17.1102826
ORDI05246,2018-05-02,12:03:22,Lunch,NS,"[('Salad', 2), ('Chicken', 7), ('Burger', 2), ('Steak', 4)]",500.4,-37.8118954,144.9655785,0,7.649,13.1920468
ORDX03363,2018-11-22,18:49:00,Dinner,bk,"[('Fish&Chips', 6), ('Salmon', 5)]",415.0,-37.8133487,144.9312518,0,11.271,18.4886573
ORDA07348,2018-08-13,15:26:11,Lunch,BK,"[('Fries', 4), ('Salad', 4), ('Steak', 5)]",341.8,37.8242602,144.9700627,0,8.081,13.7122382
ORDA01314,2018-10-27,17:58:18,Dinner,BK,"[('Pasta', 7), ('Shrimp', 3)]",354.5,-37.8185602,144.9991906,0,4.945,14.3481333
ORDX01887,2018-10-21,17:38:01,Dinner,BK,"[('Pasta', 1), ('Fish&Chips', 4)]",167.5,-37.8171564,144.9526512,0,8.733,18.1028586
ORDB01739,2018-04-22,11:43:05,Lunch,TP,"[('Eggs', 3), ('Coffee', 9)]",133.5,-37.8190803,144.9535332,0,8.501,13.1192601
ORDK00131,2018-03-27,10:42:15,Breakfast,BK,"[('Coffee', 10), ('Cereal', 3), ('Pancake', 6)]",283.5,-37.8210112,144.9552251,0,8.574,13.2723737
ORDI00068,2018-07-18,14:35:29,Lunch,NS,"[('Fries', 2), ('Steak', 9)]",429.0,-37.811325,144.9269538,1,10.257,16.5970321
ORDJ05616,2018-23-04,11:43:05,Breakfast,TP,"[('Eggs', 5), ('Cereal', 3), ('Pancake', 7), ('Coffee', 5)]",380.25,-37.8174188,144.9688707,0,8.002,11.1650282
ORDI06623,2018-10-13,17:27:53,Dinner,NS,"[('Fish&Chips', 3), ('Pasta', 3)]",187.5,-37.8181438,144.9648496,0,8.509,16.784415
ORDI10334,2018-07-25,14:45:38,Lunch,NS,"[('Chicken', 5), ('Burger', 9)]",439.0,-37.8258881,144.9602559,0,9.724,15.2904853
ORDK06303,2018-04-28,11:53:14,Breakfast,BK,"[('Coffee', 1), ('Pancake', 9), ('Cereal', 5), ('Eggs', 9)]",528.75,-37.7999719,144.9598422,1,8.316,16.1472491
ORDI00523,2018-09-13,16:27:02,Dinner,NS,"[('Shrimp', 10), ('Pasta', 10)]",815.0,-37.8047418,145.0110667,0,10.182,15.9920301
ORDX05653,2018-07-07,14:15:12,Dinner,BK,"[('Steak', 6), ('Burger', 5)]",425.0,-37.8103248,144.9682926,0,7.085,15.2618219
ORDZ03708,2018-01-16,08:30:25,Breakfast,NS,"[('Eggs', 8), ('Cereal', 7), ('Pancake', 7)]",492.75,-37.8058221,144.9333802,1,10.082,8.26692
ORDC07483,09-12-2018,19:19:26,Dinner,NS,"[('Salmon', 2), ('Shrimp', 5)]",352.0,-37.8199731,144.9911445,0,9.547,17.1615993
ORDC09020,2018-28-10,17:58:18,Dinner,NS,"[('Fish&Chips', 2), ('Salmon', 10)]",480.0,-37.8096634,144.9475724,0,8.933,16.3092901
ORDA01382,2018-04-29,11:53:14,Breakfast,BK,"[('Cereal', 6), ('Pancake', 2), ('Coffee', 4)]",204.5,-37.8020987,144.959614,0,8.09,15.4315221
ORDX06143,2018-01-22,08:40:33,Breakfast,BK,"[('Eggs', 7), ('Coffee', 10), ('Cereal', 10)]",439.0,-37.8227358,144.9554582,0,8.69,13.1267759
ORDB01213,2018-09-02,16:06:45,Dinner,TP,"[('Salmon', 6), ('Pasta', 9)]",493.5,37.81342,144.9657097,0,8.222,13.8999957
ORDY06419,2018-05-10,12:13:31,Lunch,TP,"[('Chicken', 2), ('Burger', 6), ('Fries', 9), ('Salad', 9)]",512.8,37.8015135,144.9639006,0,9.585,13.1843778
ORDB04629,2018-26-02,09:51:32,Breakfast,TP,"[('Coffee', 6), ('Cereal', 3), ('Eggs', 5), ('Pancake', 3)]",290.75,-37.8034129,144.9799234,0,10.002,12.4772691
ORDX03959,2018-04-03,11:02:32,Breakfast,BK,"[('Coffee', 10), ('Fries', 6), ('Eggs', 6)]",333.0,-37.8032166,144.97398,0,7.002,11.9461657
ORDB04477,2018-03-22,10:32:06,Breakfast,TP,"[('Pancake', 8), ('Cereal', 4), ('Eggs', 1)]",300.0,-37.8002297,144.9550618,0,9.823,12.070035
ORDX07796,2018-07-09,14:15:12,Lunch,BK,"[('Salad', 1), ('Steak', 9), ('Burger', 7), ('Chicken', 9)]",927.2,-37.8202279,144.9574109,1,8.371,14.1767122
ORDZ09483,2018-05-24,12:43:56,Breakfast,NS,"[('Salad', 5), ('Chicken', 1), ('Burger', 3)]",211.0,-37.8128845,144.9848008,0,8.48,13.8323398
ORDX05790,2018-11-25,18:49:00,Dinner,BK,"[('Shrimp', 10), ('Fish&Chips', 8), ('Pasta', 5)]",957.5,37.8060922,144.9584327,0,7.842,17.4236269
ORDY10017,2018-06-17,13:24:30,Lunch,TP,"[('Fries', 8), ('Chicken', 1), ('Steak', 7), ('Burger', 6), ('Salad', 5)]",567.75,-37.8137936,144.944511,0,9.647,14.5557752
ORDZ10993,2018-02-07,09:10:59,Breakfast,NS,"[('Eggs', 1), ('Pancake', 10), ('Cereal', 2), ('Coffee', 9)]",374.0,-37.8097512,144.9728269,0,7.296,12.1876044
ORDK10522,2018-05-09,12:13:31,Lunch,BK,"[('Fries', 7), ('Burger', 5), ('Salad', 7), ('Chicken', 2)]",423.4,-37.7991169,144.9642836,0,8.129,14.0658847
ORDK04006,2018-10-26,17:48:10,Dinner,BK,"[('Salmon', 5), ('Pasta', 9), ('Fish&Chips', 6)]",662.5,-37.8088231,144.9662083,0,7.159,14.2579988
ORDB07227,2018-06-21,13:34:38,Lunch,bk,"[('Steak', 3), ('Chicken', 2), ('Salad', 4), ('Burger', 10)]",577.8,-37.8160234,144.9370723,0,10.452,13.6576868
ORDA07957,2018-09-29,16:57:27,Dinner,BK,"[('Pasta', 9), ('Salmon', 3), ('Shrimp', 1)]",424.5,-37.8096826,144.9468195,1,9.092,18.5961022
ORDZ10563,2018-02-05,09:00:50,Lunch,NS,"[('Pancake', 2), ('Coffee', 6)]",93.5,-37.8206146,144.9837337,0,9.199,14.0057869
ORDK06880,2018-01-30,08:50:42,Breakfast,BK,"[('Eggs', 2), ('Coffee', 5)]",81.5,-37.8049916,144.9922353,0,5.275,9.4557815
ORDJ10701,2018-04-02,11:02:32,Breakfast,TP,"[('Coffee', 2), ('Eggs', 7), ('Cereal', 9)]",358.0,-37.8145936,144.9902397,1,9.922,12.1872907
